[
  {
    "value": "Rick Sanchez",
    "synonyms": [
      "Rick Sanchez",
      "Rick"
    ]
  },
  {
    "value": "Morty Smith",
    "synonyms": [
      "Morty Smith",
      "Morty"
    ]
  },
  {
    "value": "Summer Smith",
    "synonyms": [
      "Summer Smith",
      "Summer"
    ]
  },
  {
    "value": "Beth Smith",
    "synonyms": [
      "Beth Smith",
      "Beth"
    ]
  },
  {
    "value": "Jerry Smith",
    "synonyms": [
      "Jerry Smith",
      "Jerry"
    ]
  },
  {
    "value": "Abadango Cluster Princess",
    "synonyms": [
      "Abadango Cluster Princess"
    ]
  },
  {
    "value": "Abradolf Lincler",
    "synonyms": [
      "Abradolf Lincler"
    ]
  },
  {
    "value": "Adjudicator Rick",
    "synonyms": [
      "Adjudicator Rick"
    ]
  },
  {
    "value": "Agency Director",
    "synonyms": [
      "Agency Director"
    ]
  },
  {
    "value": "Alan Rails",
    "synonyms": [
      "Alan Rails"
    ]
  },
  {
    "value": "Albert Einstein",
    "synonyms": [
      "Albert Einstein"
    ]
  },
  {
    "value": "Alexander",
    "synonyms": [
      "Alexander"
    ]
  },
  {
    "value": "Alien Googah",
    "synonyms": [
      "Alien Googah"
    ]
  },
  {
    "value": "Alien Morty",
    "synonyms": [
      "Alien Morty"
    ]
  },
  {
    "value": "Alien Rick",
    "synonyms": [
      "Alien Rick"
    ]
  },
  {
    "value": "Amish Cyborg",
    "synonyms": [
      "Amish Cyborg"
    ]
  },
  {
    "value": "Annie",
    "synonyms": [
      "Annie"
    ]
  },
  {
    "value": "Antenna Morty",
    "synonyms": [
      "Antenna Morty"
    ]
  },
  {
    "value": "Antenna Rick",
    "synonyms": [
      "Antenna Rick"
    ]
  },
  {
    "value": "Ants in my Eyes Johnson",
    "synonyms": [
      "Ants in my Eyes Johnson"
    ]
  },
  {
    "value": "Aqua Morty",
    "synonyms": [
      "Aqua Morty"
    ]
  },
  {
    "value": "Aqua Rick",
    "synonyms": [
      "Aqua Rick"
    ]
  },
  {
    "value": "Arcade Alien",
    "synonyms": [
      "Arcade Alien"
    ]
  },
  {
    "value": "Armagheadon",
    "synonyms": [
      "Armagheadon"
    ]
  },
  {
    "value": "Armothy",
    "synonyms": [
      "Armothy"
    ]
  },
  {
    "value": "Arthricia",
    "synonyms": [
      "Arthricia"
    ]
  },
  {
    "value": "Artist Morty",
    "synonyms": [
      "Artist Morty"
    ]
  },
  {
    "value": "Attila Starwar",
    "synonyms": [
      "Attila Starwar"
    ]
  },
  {
    "value": "Baby Legs",
    "synonyms": [
      "Baby Legs"
    ]
  },
  {
    "value": "Baby Poopybutthole",
    "synonyms": [
      "Baby Poopybutthole"
    ]
  },
  {
    "value": "Baby Wizard",
    "synonyms": [
      "Baby Wizard"
    ]
  },
  {
    "value": "Bearded Lady",
    "synonyms": [
      "Bearded Lady"
    ]
  },
  {
    "value": "Beebo",
    "synonyms": [
      "Beebo"
    ]
  },
  {
    "value": "Benjamin",
    "synonyms": [
      "Benjamin"
    ]
  },
  {
    "value": "Bepisian",
    "synonyms": [
      "Bepisian"
    ]
  },
  {
    "value": "Beta-Seven",
    "synonyms": [
      "Beta-Seven"
    ]
  },
  {
    "value": "Beth Sanchez",
    "synonyms": [
      "Beth Sanchez"
    ]
  },
  {
    "value": "Beth\u0027s Mytholog",
    "synonyms": [
      "Beth\u0027s Mytholog"
    ]
  },
  {
    "value": "Big Boobed Waitress",
    "synonyms": [
      "Big Boobed Waitress"
    ]
  },
  {
    "value": "Big Head Morty",
    "synonyms": [
      "Big Head Morty"
    ]
  },
  {
    "value": "Big Morty",
    "synonyms": [
      "Big Morty"
    ]
  },
  {
    "value": "Body Guard Morty",
    "synonyms": [
      "Body Guard Morty"
    ]
  },
  {
    "value": "Bill",
    "synonyms": [
      "Bill"
    ]
  },
  {
    "value": "Birdperson",
    "synonyms": [
      "Birdperson"
    ]
  },
  {
    "value": "Black Rick",
    "synonyms": [
      "Black Rick"
    ]
  },
  {
    "value": "Blamph",
    "synonyms": [
      "Blamph"
    ]
  },
  {
    "value": "Blim Blam",
    "synonyms": [
      "Blim Blam"
    ]
  },
  {
    "value": "Blue Diplomat",
    "synonyms": [
      "Blue Diplomat"
    ]
  },
  {
    "value": "Blue Footprint Guy",
    "synonyms": [
      "Blue Footprint Guy"
    ]
  },
  {
    "value": "Blue Shirt Morty",
    "synonyms": [
      "Blue Shirt Morty"
    ]
  },
  {
    "value": "Bobby Moynihan",
    "synonyms": [
      "Bobby Moynihan"
    ]
  },
  {
    "value": "Boobloosian",
    "synonyms": [
      "Boobloosian"
    ]
  },
  {
    "value": "Bootleg Portal Chemist Rick",
    "synonyms": [
      "Bootleg Portal Chemist Rick"
    ]
  },
  {
    "value": "Borpocian",
    "synonyms": [
      "Borpocian"
    ]
  },
  {
    "value": "Brad",
    "synonyms": [
      "Brad"
    ]
  },
  {
    "value": "Brad Anderson",
    "synonyms": [
      "Brad Anderson"
    ]
  },
  {
    "value": "Calypso",
    "synonyms": [
      "Calypso"
    ]
  },
  {
    "value": "Campaign Manager Morty",
    "synonyms": [
      "Campaign Manager Morty"
    ]
  },
  {
    "value": "Canklanker Thom",
    "synonyms": [
      "Canklanker Thom"
    ]
  },
  {
    "value": "Centaur",
    "synonyms": [
      "Centaur"
    ]
  },
  {
    "value": "Chris",
    "synonyms": [
      "Chris"
    ]
  },
  {
    "value": "Coach Feratu (Balik Alistane)",
    "synonyms": [
      "Coach Feratu (Balik Alistane)"
    ]
  },
  {
    "value": "Collector",
    "synonyms": [
      "Collector"
    ]
  },
  {
    "value": "Colossus",
    "synonyms": [
      "Colossus"
    ]
  },
  {
    "value": "Commander Rick",
    "synonyms": [
      "Commander Rick"
    ]
  },
  {
    "value": "Concerto",
    "synonyms": [
      "Concerto"
    ]
  },
  {
    "value": "Conroy",
    "synonyms": [
      "Conroy"
    ]
  },
  {
    "value": "Cool Rick",
    "synonyms": [
      "Cool Rick"
    ]
  },
  {
    "value": "Cop Morty",
    "synonyms": [
      "Cop Morty"
    ]
  },
  {
    "value": "Cop Rick",
    "synonyms": [
      "Cop Rick"
    ]
  },
  {
    "value": "Courier Flap",
    "synonyms": [
      "Courier Flap"
    ]
  },
  {
    "value": "Cousin Nicky",
    "synonyms": [
      "Cousin Nicky"
    ]
  },
  {
    "value": "Cowboy Morty",
    "synonyms": [
      "Cowboy Morty"
    ]
  },
  {
    "value": "Cowboy Rick",
    "synonyms": [
      "Cowboy Rick"
    ]
  },
  {
    "value": "Crab Spider",
    "synonyms": [
      "Crab Spider"
    ]
  },
  {
    "value": "Creepy Little Girl",
    "synonyms": [
      "Creepy Little Girl"
    ]
  },
  {
    "value": "Crocubot",
    "synonyms": [
      "Crocubot"
    ]
  },
  {
    "value": "Cronenberg Rick",
    "synonyms": [
      "Cronenberg Rick"
    ]
  },
  {
    "value": "Cronenberg Morty",
    "synonyms": [
      "Cronenberg Morty"
    ]
  },
  {
    "value": "Cult Leader Morty",
    "synonyms": [
      "Cult Leader Morty"
    ]
  },
  {
    "value": "Cyclops Morty",
    "synonyms": [
      "Cyclops Morty"
    ]
  },
  {
    "value": "Cyclops Rick",
    "synonyms": [
      "Cyclops Rick"
    ]
  },
  {
    "value": "Cynthia",
    "synonyms": [
      "Cynthia"
    ]
  },
  {
    "value": "Dale",
    "synonyms": [
      "Dale"
    ]
  },
  {
    "value": "Daron Jefferson",
    "synonyms": [
      "Daron Jefferson"
    ]
  },
  {
    "value": "David Letterman",
    "synonyms": [
      "David Letterman"
    ]
  },
  {
    "value": "Davin",
    "synonyms": [
      "Davin"
    ]
  },
  {
    "value": "Diablo Verde",
    "synonyms": [
      "Diablo Verde"
    ]
  },
  {
    "value": "Diane Sanchez",
    "synonyms": [
      "Diane Sanchez"
    ]
  },
  {
    "value": "Dipper and Mabel Mortys",
    "synonyms": [
      "Dipper and Mabel Mortys"
    ]
  },
  {
    "value": "Tuberculosis",
    "synonyms": [
      "Tuberculosis"
    ]
  },
  {
    "value": "Gonorrhea",
    "synonyms": [
      "Gonorrhea"
    ]
  },
  {
    "value": "Hepatitis A",
    "synonyms": [
      "Hepatitis A"
    ]
  },
  {
    "value": "Hepatitis C",
    "synonyms": [
      "Hepatitis C"
    ]
  },
  {
    "value": "Bubonic Plague",
    "synonyms": [
      "Bubonic Plague"
    ]
  },
  {
    "value": "E. Coli",
    "synonyms": [
      "E. Coli"
    ]
  },
  {
    "value": "Donna Gueterman",
    "synonyms": [
      "Donna Gueterman"
    ]
  },
  {
    "value": "Doofus Rick",
    "synonyms": [
      "Doofus Rick"
    ]
  },
  {
    "value": "Doom-Nomitron",
    "synonyms": [
      "Doom-Nomitron"
    ]
  },
  {
    "value": "Dr. Glip-Glop",
    "synonyms": [
      "Dr. Glip-Glop"
    ]
  },
  {
    "value": "Dr. Schmidt",
    "synonyms": [
      "Dr. Schmidt"
    ]
  },
  {
    "value": "Dr. Wong",
    "synonyms": [
      "Dr. Wong"
    ]
  },
  {
    "value": "Dr. Xenon Bloom",
    "synonyms": [
      "Dr. Xenon Bloom"
    ]
  },
  {
    "value": "Duck With Muscles",
    "synonyms": [
      "Duck With Muscles"
    ]
  },
  {
    "value": "Eli",
    "synonyms": [
      "Eli"
    ]
  },
  {
    "value": "Eli\u0027s Girlfriend",
    "synonyms": [
      "Eli\u0027s Girlfriend"
    ]
  },
  {
    "value": "Eric McMan",
    "synonyms": [
      "Eric McMan"
    ]
  },
  {
    "value": "Eric Stoltz Mask Morty",
    "synonyms": [
      "Eric Stoltz Mask Morty"
    ]
  },
  {
    "value": "Ethan",
    "synonyms": [
      "Ethan"
    ]
  },
  {
    "value": "Evil Beth Clone",
    "synonyms": [
      "Evil Beth Clone"
    ]
  },
  {
    "value": "Evil Jerry Clone",
    "synonyms": [
      "Evil Jerry Clone"
    ]
  },
  {
    "value": "Evil Morty",
    "synonyms": [
      "Evil Morty"
    ]
  },
  {
    "value": "Evil Rick",
    "synonyms": [
      "Evil Rick"
    ]
  },
  {
    "value": "Evil Summer Clone",
    "synonyms": [
      "Evil Summer Clone"
    ]
  },
  {
    "value": "Eyehole Man",
    "synonyms": [
      "Eyehole Man"
    ]
  },
  {
    "value": "Fart",
    "synonyms": [
      "Fart"
    ]
  },
  {
    "value": "Fat Morty",
    "synonyms": [
      "Fat Morty"
    ]
  },
  {
    "value": "Father Bob",
    "synonyms": [
      "Father Bob"
    ]
  },
  {
    "value": "Flansian",
    "synonyms": [
      "Flansian"
    ]
  },
  {
    "value": "Fleeb",
    "synonyms": [
      "Fleeb"
    ]
  },
  {
    "value": "Frank Palicky",
    "synonyms": [
      "Frank Palicky"
    ]
  },
  {
    "value": "Frankenstein\u0027s Monster",
    "synonyms": [
      "Frankenstein\u0027s Monster"
    ]
  },
  {
    "value": "Fulgora",
    "synonyms": [
      "Fulgora"
    ]
  },
  {
    "value": "Galactic Federation President",
    "synonyms": [
      "Galactic Federation President"
    ]
  },
  {
    "value": "Gar Gloonch",
    "synonyms": [
      "Gar Gloonch"
    ]
  },
  {
    "value": "Gar\u0027s Mytholog",
    "synonyms": [
      "Gar\u0027s Mytholog"
    ]
  },
  {
    "value": "Garblovian",
    "synonyms": [
      "Garblovian"
    ]
  },
  {
    "value": "Garmanarnar",
    "synonyms": [
      "Garmanarnar"
    ]
  },
  {
    "value": "Garment District Rick",
    "synonyms": [
      "Garment District Rick"
    ]
  },
  {
    "value": "Gazorpazorpfield",
    "synonyms": [
      "Gazorpazorpfield"
    ]
  },
  {
    "value": "Gene",
    "synonyms": [
      "Gene"
    ]
  },
  {
    "value": "General Nathan",
    "synonyms": [
      "General Nathan"
    ]
  },
  {
    "value": "General Store Owner",
    "synonyms": [
      "General Store Owner"
    ]
  },
  {
    "value": "Genital Washer",
    "synonyms": [
      "Genital Washer"
    ]
  },
  {
    "value": "Ghost in a Jar",
    "synonyms": [
      "Ghost in a Jar"
    ]
  },
  {
    "value": "Gibble Snake",
    "synonyms": [
      "Gibble Snake"
    ]
  },
  {
    "value": "Glasses Morty",
    "synonyms": [
      "Glasses Morty"
    ]
  },
  {
    "value": "Glenn",
    "synonyms": [
      "Glenn"
    ]
  },
  {
    "value": "Glexo Slim Slom",
    "synonyms": [
      "Glexo Slim Slom"
    ]
  },
  {
    "value": "Gobo",
    "synonyms": [
      "Gobo"
    ]
  },
  {
    "value": "Goddess Beth",
    "synonyms": [
      "Goddess Beth"
    ]
  },
  {
    "value": "Gordon Lunas",
    "synonyms": [
      "Gordon Lunas"
    ]
  },
  {
    "value": "Cornvelious Daniel",
    "synonyms": [
      "Cornvelious Daniel"
    ]
  },
  {
    "value": "Gwendolyn",
    "synonyms": [
      "Gwendolyn"
    ]
  },
  {
    "value": "Hammerhead Morty",
    "synonyms": [
      "Hammerhead Morty"
    ]
  },
  {
    "value": "Hamster In Butt",
    "synonyms": [
      "Hamster In Butt"
    ]
  },
  {
    "value": "Hamurai",
    "synonyms": [
      "Hamurai"
    ]
  },
  {
    "value": "Harold",
    "synonyms": [
      "Harold"
    ]
  },
  {
    "value": "Hemorrhage",
    "synonyms": [
      "Hemorrhage"
    ]
  },
  {
    "value": "Hole in the Wall Where the Men Can See it All",
    "synonyms": [
      "Hole in the Wall Where the Men Can See it All"
    ]
  },
  {
    "value": "Hookah Alien",
    "synonyms": [
      "Hookah Alien"
    ]
  },
  {
    "value": "Hunter",
    "synonyms": [
      "Hunter"
    ]
  },
  {
    "value": "Hunter\u0027s Father",
    "synonyms": [
      "Hunter\u0027s Father"
    ]
  },
  {
    "value": "Hydrogen-F",
    "synonyms": [
      "Hydrogen-F"
    ]
  },
  {
    "value": "Ice-T",
    "synonyms": [
      "Ice-T"
    ]
  },
  {
    "value": "Ideal Jerry",
    "synonyms": [
      "Ideal Jerry"
    ]
  },
  {
    "value": "Insurance Rick",
    "synonyms": [
      "Insurance Rick"
    ]
  },
  {
    "value": "Investigator Rick",
    "synonyms": [
      "Investigator Rick"
    ]
  },
  {
    "value": "Invisi-trooper",
    "synonyms": [
      "Invisi-trooper"
    ]
  },
  {
    "value": "Izzy",
    "synonyms": [
      "Izzy"
    ]
  },
  {
    "value": "Jackie",
    "synonyms": [
      "Jackie"
    ]
  },
  {
    "value": "Jacob",
    "synonyms": [
      "Jacob"
    ]
  },
  {
    "value": "Jacqueline",
    "synonyms": [
      "Jacqueline"
    ]
  },
  {
    "value": "Jaguar",
    "synonyms": [
      "Jaguar"
    ]
  },
  {
    "value": "Jamey",
    "synonyms": [
      "Jamey"
    ]
  },
  {
    "value": "Jan-Michael Vincent",
    "synonyms": [
      "Jan-Michael Vincent"
    ]
  },
  {
    "value": "Jerry 5-126",
    "synonyms": [
      "Jerry 5-126"
    ]
  },
  {
    "value": "Celebrity Jerry",
    "synonyms": [
      "Celebrity Jerry"
    ]
  },
  {
    "value": "Jerry\u0027s Mytholog",
    "synonyms": [
      "Jerry\u0027s Mytholog"
    ]
  },
  {
    "value": "Jessica",
    "synonyms": [
      "Jessica"
    ]
  },
  {
    "value": "Jessica\u0027s Friend",
    "synonyms": [
      "Jessica\u0027s Friend"
    ]
  },
  {
    "value": "Jim",
    "synonyms": [
      "Jim"
    ]
  },
  {
    "value": "Johnny Depp",
    "synonyms": [
      "Johnny Depp"
    ]
  },
  {
    "value": "Jon",
    "synonyms": [
      "Jon"
    ]
  },
  {
    "value": "Joseph Eli Lipkip",
    "synonyms": [
      "Joseph Eli Lipkip"
    ]
  },
  {
    "value": "Joyce Smith",
    "synonyms": [
      "Joyce Smith"
    ]
  },
  {
    "value": "Juggling Rick",
    "synonyms": [
      "Juggling Rick"
    ]
  },
  {
    "value": "Karen Entity",
    "synonyms": [
      "Karen Entity"
    ]
  },
  {
    "value": "Katarina",
    "synonyms": [
      "Katarina"
    ]
  },
  {
    "value": "Keara",
    "synonyms": [
      "Keara"
    ]
  },
  {
    "value": "Kevin",
    "synonyms": [
      "Kevin"
    ]
  },
  {
    "value": "King Flippy Nips",
    "synonyms": [
      "King Flippy Nips"
    ]
  },
  {
    "value": "King Jellybean",
    "synonyms": [
      "King Jellybean"
    ]
  },
  {
    "value": "Kozbian",
    "synonyms": [
      "Kozbian"
    ]
  },
  {
    "value": "Kristen Stewart",
    "synonyms": [
      "Kristen Stewart"
    ]
  },
  {
    "value": "Krombopulos Michael",
    "synonyms": [
      "Krombopulos Michael"
    ]
  },
  {
    "value": "Kyle",
    "synonyms": [
      "Kyle"
    ]
  },
  {
    "value": "Lady Katana",
    "synonyms": [
      "Lady Katana"
    ]
  },
  {
    "value": "Larva Alien",
    "synonyms": [
      "Larva Alien"
    ]
  },
  {
    "value": "Lawyer Morty",
    "synonyms": [
      "Lawyer Morty"
    ]
  },
  {
    "value": "Leonard Smith",
    "synonyms": [
      "Leonard Smith"
    ]
  },
  {
    "value": "Lighthouse Keeper",
    "synonyms": [
      "Lighthouse Keeper"
    ]
  },
  {
    "value": "Lil B",
    "synonyms": [
      "Lil B"
    ]
  },
  {
    "value": "Lisa",
    "synonyms": [
      "Lisa"
    ]
  },
  {
    "value": "Little Dipper",
    "synonyms": [
      "Little Dipper"
    ]
  },
  {
    "value": "Lizard Morty",
    "synonyms": [
      "Lizard Morty"
    ]
  },
  {
    "value": "Loggins",
    "synonyms": [
      "Loggins"
    ]
  },
  {
    "value": "Logic",
    "synonyms": [
      "Logic"
    ]
  },
  {
    "value": "Long Sleeved Morty",
    "synonyms": [
      "Long Sleeved Morty"
    ]
  },
  {
    "value": "Lucy",
    "synonyms": [
      "Lucy"
    ]
  },
  {
    "value": "Ma-Sha",
    "synonyms": [
      "Ma-Sha"
    ]
  },
  {
    "value": "Magma-Q",
    "synonyms": [
      "Magma-Q"
    ]
  },
  {
    "value": "Magnesium-J",
    "synonyms": [
      "Magnesium-J"
    ]
  },
  {
    "value": "Man Painted Silver Who Makes Robot Noises",
    "synonyms": [
      "Man Painted Silver Who Makes Robot Noises"
    ]
  },
  {
    "value": "Maximums Rickimus",
    "synonyms": [
      "Maximums Rickimus"
    ]
  },
  {
    "value": "MC Haps",
    "synonyms": [
      "MC Haps"
    ]
  },
  {
    "value": "Mechanical Morty",
    "synonyms": [
      "Mechanical Morty"
    ]
  },
  {
    "value": "Mechanical Rick",
    "synonyms": [
      "Mechanical Rick"
    ]
  },
  {
    "value": "Mechanical Summer",
    "synonyms": [
      "Mechanical Summer"
    ]
  },
  {
    "value": "Mega Fruit Farmer Rick",
    "synonyms": [
      "Mega Fruit Farmer Rick"
    ]
  },
  {
    "value": "Melissa",
    "synonyms": [
      "Melissa"
    ]
  },
  {
    "value": "Michael Denny and the Denny Singers",
    "synonyms": [
      "Michael Denny and the Denny Singers"
    ]
  },
  {
    "value": "Michael Jenkins",
    "synonyms": [
      "Michael Jenkins"
    ]
  },
  {
    "value": "Michael McLick",
    "synonyms": [
      "Michael McLick"
    ]
  },
  {
    "value": "Michael Thompson",
    "synonyms": [
      "Michael Thompson"
    ]
  },
  {
    "value": "Million Ants",
    "synonyms": [
      "Million Ants"
    ]
  },
  {
    "value": "Mitch",
    "synonyms": [
      "Mitch"
    ]
  },
  {
    "value": "Mohawk Guy",
    "synonyms": [
      "Mohawk Guy"
    ]
  },
  {
    "value": "Morty Mart Manager Morty",
    "synonyms": [
      "Morty Mart Manager Morty"
    ]
  },
  {
    "value": "Morty Jr.",
    "synonyms": [
      "Morty Jr."
    ]
  },
  {
    "value": "Morty Rick",
    "synonyms": [
      "Morty Rick"
    ]
  },
  {
    "value": "Morty K-22",
    "synonyms": [
      "Morty K-22"
    ]
  },
  {
    "value": "Mortytown Loco",
    "synonyms": [
      "Mortytown Loco"
    ]
  },
  {
    "value": "Mr. Beauregard",
    "synonyms": [
      "Mr. Beauregard"
    ]
  },
  {
    "value": "Mr. Benson",
    "synonyms": [
      "Mr. Benson"
    ]
  },
  {
    "value": "Mr. Booby Buyer",
    "synonyms": [
      "Mr. Booby Buyer"
    ]
  },
  {
    "value": "Mr. Goldenfold",
    "synonyms": [
      "Mr. Goldenfold"
    ]
  },
  {
    "value": "Mr. Marklovitz",
    "synonyms": [
      "Mr. Marklovitz"
    ]
  },
  {
    "value": "Mr. Meeseeks",
    "synonyms": [
      "Mr. Meeseeks"
    ]
  },
  {
    "value": "Mr. Needful",
    "synonyms": [
      "Mr. Needful"
    ]
  },
  {
    "value": "Mr. Poopybutthole",
    "synonyms": [
      "Mr. Poopybutthole"
    ]
  },
  {
    "value": "Mrs. Lipkip",
    "synonyms": [
      "Mrs. Lipkip"
    ]
  },
  {
    "value": "Mrs. Pancakes",
    "synonyms": [
      "Mrs. Pancakes"
    ]
  },
  {
    "value": "Amy Poopybutthole",
    "synonyms": [
      "Amy Poopybutthole"
    ]
  },
  {
    "value": "Mrs. Refrigerator",
    "synonyms": [
      "Mrs. Refrigerator"
    ]
  },
  {
    "value": "Mrs. Sanchez",
    "synonyms": [
      "Mrs. Sanchez"
    ]
  },
  {
    "value": "Mrs. Sullivan",
    "synonyms": [
      "Mrs. Sullivan"
    ]
  },
  {
    "value": "Nancy",
    "synonyms": [
      "Nancy"
    ]
  },
  {
    "value": "Noob-Noob",
    "synonyms": [
      "Noob-Noob"
    ]
  },
  {
    "value": "Numbericon",
    "synonyms": [
      "Numbericon"
    ]
  },
  {
    "value": "Octopus Man",
    "synonyms": [
      "Octopus Man"
    ]
  },
  {
    "value": "Orthodox Jew",
    "synonyms": [
      "Orthodox Jew"
    ]
  },
  {
    "value": "Pat Gueterman",
    "synonyms": [
      "Pat Gueterman"
    ]
  },
  {
    "value": "Paul Fleishman",
    "synonyms": [
      "Paul Fleishman"
    ]
  },
  {
    "value": "Pawnshop Clerk",
    "synonyms": [
      "Pawnshop Clerk"
    ]
  },
  {
    "value": "Pencilvester",
    "synonyms": [
      "Pencilvester"
    ]
  },
  {
    "value": "Phillip Jacobs",
    "synonyms": [
      "Phillip Jacobs"
    ]
  },
  {
    "value": "Photography Cyborg",
    "synonyms": [
      "Photography Cyborg"
    ]
  },
  {
    "value": "Photography Raptor",
    "synonyms": [
      "Photography Raptor"
    ]
  },
  {
    "value": "Pibbles Bodyguard",
    "synonyms": [
      "Pibbles Bodyguard"
    ]
  },
  {
    "value": "Pichael Thompson",
    "synonyms": [
      "Pichael Thompson"
    ]
  },
  {
    "value": "Pickle Rick",
    "synonyms": [
      "Pickle Rick"
    ]
  },
  {
    "value": "Piece of Toast",
    "synonyms": [
      "Piece of Toast"
    ]
  },
  {
    "value": "Plumber Rick",
    "synonyms": [
      "Plumber Rick"
    ]
  },
  {
    "value": "Poncho",
    "synonyms": [
      "Poncho"
    ]
  },
  {
    "value": "Presidentress of The Mega Gargantuans",
    "synonyms": [
      "Presidentress of The Mega Gargantuans"
    ]
  },
  {
    "value": "Prince Nebulon",
    "synonyms": [
      "Prince Nebulon"
    ]
  },
  {
    "value": "Principal Vagina",
    "synonyms": [
      "Principal Vagina"
    ]
  },
  {
    "value": "Purge Planet Ruler",
    "synonyms": [
      "Purge Planet Ruler"
    ]
  },
  {
    "value": "Quantum Rick",
    "synonyms": [
      "Quantum Rick"
    ]
  },
  {
    "value": "Randy Dicknose",
    "synonyms": [
      "Randy Dicknose"
    ]
  },
  {
    "value": "Rat Boss",
    "synonyms": [
      "Rat Boss"
    ]
  },
  {
    "value": "Real Fake Doors Salesman",
    "synonyms": [
      "Real Fake Doors Salesman"
    ]
  },
  {
    "value": "Regional Manager Rick",
    "synonyms": [
      "Regional Manager Rick"
    ]
  },
  {
    "value": "Regular Legs",
    "synonyms": [
      "Regular Legs"
    ]
  },
  {
    "value": "Reverse Giraffe",
    "synonyms": [
      "Reverse Giraffe"
    ]
  },
  {
    "value": "Reverse Rick Outrage",
    "synonyms": [
      "Reverse Rick Outrage"
    ]
  },
  {
    "value": "Revolio Clockberg Jr.",
    "synonyms": [
      "Revolio Clockberg Jr."
    ]
  },
  {
    "value": "Rick D. Sanchez III",
    "synonyms": [
      "Rick D. Sanchez III"
    ]
  },
  {
    "value": "Rick Guilt Rick",
    "synonyms": [
      "Rick Guilt Rick"
    ]
  },
  {
    "value": "Rick Prime",
    "synonyms": [
      "Rick Prime"
    ]
  },
  {
    "value": "Rick D-99",
    "synonyms": [
      "Rick D-99"
    ]
  },
  {
    "value": "Rick D716",
    "synonyms": [
      "Rick D716"
    ]
  },
  {
    "value": "Rick D716-B",
    "synonyms": [
      "Rick D716-B"
    ]
  },
  {
    "value": "Rick D716-C",
    "synonyms": [
      "Rick D716-C"
    ]
  },
  {
    "value": "Rick J-22",
    "synonyms": [
      "Rick J-22"
    ]
  },
  {
    "value": "Rick K-22",
    "synonyms": [
      "Rick K-22"
    ]
  },
  {
    "value": "Ricktiminus Sancheziminius",
    "synonyms": [
      "Ricktiminus Sancheziminius"
    ]
  },
  {
    "value": "Riq IV",
    "synonyms": [
      "Riq IV"
    ]
  },
  {
    "value": "Risotto Groupon",
    "synonyms": [
      "Risotto Groupon"
    ]
  },
  {
    "value": "Risotto\u0027s Tentacled Henchman",
    "synonyms": [
      "Risotto\u0027s Tentacled Henchman"
    ]
  },
  {
    "value": "Robot Morty",
    "synonyms": [
      "Robot Morty"
    ]
  },
  {
    "value": "Robot Rick",
    "synonyms": [
      "Robot Rick"
    ]
  },
  {
    "value": "Roger",
    "synonyms": [
      "Roger"
    ]
  },
  {
    "value": "Ron Benson",
    "synonyms": [
      "Ron Benson"
    ]
  },
  {
    "value": "Ruben",
    "synonyms": [
      "Ruben"
    ]
  },
  {
    "value": "Samantha",
    "synonyms": [
      "Samantha"
    ]
  },
  {
    "value": "Scary Brandon",
    "synonyms": [
      "Scary Brandon"
    ]
  },
  {
    "value": "Scary Glenn",
    "synonyms": [
      "Scary Glenn"
    ]
  },
  {
    "value": "Scary Terry",
    "synonyms": [
      "Scary Terry"
    ]
  },
  {
    "value": "Scroopy Noopers",
    "synonyms": [
      "Scroopy Noopers"
    ]
  },
  {
    "value": "Scropon",
    "synonyms": [
      "Scropon"
    ]
  },
  {
    "value": "Scrotian",
    "synonyms": [
      "Scrotian"
    ]
  },
  {
    "value": "Self-Congratulatory Jerry",
    "synonyms": [
      "Self-Congratulatory Jerry"
    ]
  },
  {
    "value": "Shimshamian",
    "synonyms": [
      "Shimshamian"
    ]
  },
  {
    "value": "Shlaammi",
    "synonyms": [
      "Shlaammi"
    ]
  },
  {
    "value": "Shleemypants",
    "synonyms": [
      "Shleemypants"
    ]
  },
  {
    "value": "Shmlamantha Shmlicelli",
    "synonyms": [
      "Shmlamantha Shmlicelli"
    ]
  },
  {
    "value": "Shmlangela Shmlobinson-Shmlower",
    "synonyms": [
      "Shmlangela Shmlobinson-Shmlower"
    ]
  },
  {
    "value": "Shmlona Shmlobinson",
    "synonyms": [
      "Shmlona Shmlobinson"
    ]
  },
  {
    "value": "Shmlonathan Shmlower",
    "synonyms": [
      "Shmlonathan Shmlower"
    ]
  },
  {
    "value": "Shmlony Shmlicelli",
    "synonyms": [
      "Shmlony Shmlicelli"
    ]
  },
  {
    "value": "Shmooglite Runner",
    "synonyms": [
      "Shmooglite Runner"
    ]
  },
  {
    "value": "Shnoopy Bloopers",
    "synonyms": [
      "Shnoopy Bloopers"
    ]
  },
  {
    "value": "Shrimply Pibbles",
    "synonyms": [
      "Shrimply Pibbles"
    ]
  },
  {
    "value": "Simple Rick",
    "synonyms": [
      "Simple Rick"
    ]
  },
  {
    "value": "Slaveowner",
    "synonyms": [
      "Slaveowner"
    ]
  },
  {
    "value": "Sleepy Gary",
    "synonyms": [
      "Sleepy Gary"
    ]
  },
  {
    "value": "Slick Morty",
    "synonyms": [
      "Slick Morty"
    ]
  },
  {
    "value": "Slippery Stair",
    "synonyms": [
      "Slippery Stair"
    ]
  },
  {
    "value": "Slow Mobius",
    "synonyms": [
      "Slow Mobius"
    ]
  },
  {
    "value": "Slow Rick",
    "synonyms": [
      "Slow Rick"
    ]
  },
  {
    "value": "Snuffles (Snowball)",
    "synonyms": [
      "Snuffles (Snowball)"
    ]
  },
  {
    "value": "Solicitor Rick",
    "synonyms": [
      "Solicitor Rick"
    ]
  },
  {
    "value": "Squanchy",
    "synonyms": [
      "Squanchy"
    ]
  },
  {
    "value": "Stacy",
    "synonyms": [
      "Stacy"
    ]
  },
  {
    "value": "Stair Goblin",
    "synonyms": [
      "Stair Goblin"
    ]
  },
  {
    "value": "Stealy",
    "synonyms": [
      "Stealy"
    ]
  },
  {
    "value": "Steve",
    "synonyms": [
      "Steve"
    ]
  },
  {
    "value": "Steven Phillips",
    "synonyms": [
      "Steven Phillips"
    ]
  },
  {
    "value": "Stu",
    "synonyms": [
      "Stu"
    ]
  },
  {
    "value": "Supernova",
    "synonyms": [
      "Supernova"
    ]
  },
  {
    "value": "Taddy Mason",
    "synonyms": [
      "Taddy Mason"
    ]
  },
  {
    "value": "Taint Washer",
    "synonyms": [
      "Taint Washer"
    ]
  },
  {
    "value": "Tammy Guetermann",
    "synonyms": [
      "Tammy Guetermann"
    ]
  },
  {
    "value": "Teacher Rick",
    "synonyms": [
      "Teacher Rick"
    ]
  },
  {
    "value": "Terry",
    "synonyms": [
      "Terry"
    ]
  },
  {
    "value": "President Curtis",
    "synonyms": [
      "President Curtis"
    ]
  },
  {
    "value": "The President of the Miniverse",
    "synonyms": [
      "The President of the Miniverse"
    ]
  },
  {
    "value": "The Scientist Formerly Known as Rick",
    "synonyms": [
      "The Scientist Formerly Known as Rick"
    ]
  },
  {
    "value": "Thomas Lipkip",
    "synonyms": [
      "Thomas Lipkip"
    ]
  },
  {
    "value": "Three Unknown Things",
    "synonyms": [
      "Three Unknown Things"
    ]
  },
  {
    "value": "Tinkles",
    "synonyms": [
      "Tinkles"
    ]
  },
  {
    "value": "Tiny Rick",
    "synonyms": [
      "Tiny Rick"
    ]
  },
  {
    "value": "Toby Matthews",
    "synonyms": [
      "Toby Matthews"
    ]
  },
  {
    "value": "Todd Crystal",
    "synonyms": [
      "Todd Crystal"
    ]
  },
  {
    "value": "Tom Randolph",
    "synonyms": [
      "Tom Randolph"
    ]
  },
  {
    "value": "Tommy\u0027s Clone",
    "synonyms": [
      "Tommy\u0027s Clone"
    ]
  },
  {
    "value": "Tophat Jones",
    "synonyms": [
      "Tophat Jones"
    ]
  },
  {
    "value": "Tortured Morty",
    "synonyms": [
      "Tortured Morty"
    ]
  },
  {
    "value": "Toxic Morty",
    "synonyms": [
      "Toxic Morty"
    ]
  },
  {
    "value": "Toxic Rick",
    "synonyms": [
      "Toxic Rick"
    ]
  },
  {
    "value": "Traflorkian",
    "synonyms": [
      "Traflorkian"
    ]
  },
  {
    "value": "Trandor",
    "synonyms": [
      "Trandor"
    ]
  },
  {
    "value": "Tree Person",
    "synonyms": [
      "Tree Person"
    ]
  },
  {
    "value": "Tricia Lange",
    "synonyms": [
      "Tricia Lange"
    ]
  },
  {
    "value": "Trunk Morty",
    "synonyms": [
      "Trunk Morty"
    ]
  },
  {
    "value": "Trunk Man",
    "synonyms": [
      "Trunk Man"
    ]
  },
  {
    "value": "Truth Tortoise",
    "synonyms": [
      "Truth Tortoise"
    ]
  },
  {
    "value": "Tusked Assassin",
    "synonyms": [
      "Tusked Assassin"
    ]
  },
  {
    "value": "Two Guys with Handlebar Mustaches",
    "synonyms": [
      "Two Guys with Handlebar Mustaches"
    ]
  },
  {
    "value": "Tumblorkian",
    "synonyms": [
      "Tumblorkian"
    ]
  },
  {
    "value": "Unity",
    "synonyms": [
      "Unity"
    ]
  },
  {
    "value": "Unmuscular Michael",
    "synonyms": [
      "Unmuscular Michael"
    ]
  },
  {
    "value": "Vampire Master",
    "synonyms": [
      "Vampire Master"
    ]
  },
  {
    "value": "Vance Maximus",
    "synonyms": [
      "Vance Maximus"
    ]
  },
  {
    "value": "Veronica Ann Bennet",
    "synonyms": [
      "Veronica Ann Bennet"
    ]
  },
  {
    "value": "Voltematron",
    "synonyms": [
      "Voltematron"
    ]
  },
  {
    "value": "Wall Crawling Rick",
    "synonyms": [
      "Wall Crawling Rick"
    ]
  },
  {
    "value": "Wedding Bartender",
    "synonyms": [
      "Wedding Bartender"
    ]
  },
  {
    "value": "Unknown Rick",
    "synonyms": [
      "Unknown Rick"
    ]
  },
  {
    "value": "Woman Rick",
    "synonyms": [
      "Woman Rick"
    ]
  },
  {
    "value": "Worldender",
    "synonyms": [
      "Worldender"
    ]
  },
  {
    "value": "Yaarb",
    "synonyms": [
      "Yaarb"
    ]
  },
  {
    "value": "Yellow Headed Doctor",
    "synonyms": [
      "Yellow Headed Doctor"
    ]
  },
  {
    "value": "Yellow Shirt Rick",
    "synonyms": [
      "Yellow Shirt Rick"
    ]
  },
  {
    "value": "Zarbadar Gloonch",
    "synonyms": [
      "Zarbadar Gloonch"
    ]
  },
  {
    "value": "Zarbadar\u0027s Mytholog",
    "synonyms": [
      "Zarbadar\u0027s Mytholog"
    ]
  },
  {
    "value": "Zeep Xanflorp",
    "synonyms": [
      "Zeep Xanflorp"
    ]
  },
  {
    "value": "Zeta Alpha Rick",
    "synonyms": [
      "Zeta Alpha Rick"
    ]
  },
  {
    "value": "Zick Zack",
    "synonyms": [
      "Zick Zack"
    ]
  },
  {
    "value": "Uncle Steve",
    "synonyms": [
      "Uncle Steve"
    ]
  },
  {
    "value": "Bearded Morty",
    "synonyms": [
      "Bearded Morty"
    ]
  },
  {
    "value": "Roy",
    "synonyms": [
      "Roy"
    ]
  },
  {
    "value": "Greebybobe",
    "synonyms": [
      "Greebybobe"
    ]
  },
  {
    "value": "Scary Teacher",
    "synonyms": [
      "Scary Teacher"
    ]
  },
  {
    "value": "Fido",
    "synonyms": [
      "Fido"
    ]
  },
  {
    "value": "Accountant dog",
    "synonyms": [
      "Accountant dog"
    ]
  },
  {
    "value": "Tiny-persons advocacy group lawyer",
    "synonyms": [
      "Tiny-persons advocacy group lawyer"
    ]
  },
  {
    "value": "Giant Judge",
    "synonyms": [
      "Giant Judge"
    ]
  },
  {
    "value": "Morty Jr\u0027s interviewer",
    "synonyms": [
      "Morty Jr\u0027s interviewer"
    ]
  },
  {
    "value": "Guy from The Bachelor",
    "synonyms": [
      "Guy from The Bachelor"
    ]
  },
  {
    "value": "Corn detective",
    "synonyms": [
      "Corn detective"
    ]
  },
  {
    "value": "Michael Jackson",
    "synonyms": [
      "Michael Jackson"
    ]
  },
  {
    "value": "Trunkphobic suspenders guy",
    "synonyms": [
      "Trunkphobic suspenders guy"
    ]
  },
  {
    "value": "Spiderweb teddy bear",
    "synonyms": [
      "Spiderweb teddy bear"
    ]
  },
  {
    "value": "Regular Tyrion Lannister",
    "synonyms": [
      "Regular Tyrion Lannister"
    ]
  },
  {
    "value": "Quick Mystery Presenter",
    "synonyms": [
      "Quick Mystery Presenter"
    ]
  },
  {
    "value": "Mr. Sneezy",
    "synonyms": [
      "Mr. Sneezy"
    ]
  },
  {
    "value": "Two Brothers",
    "synonyms": [
      "Two Brothers"
    ]
  },
  {
    "value": "Alien Mexican Armada",
    "synonyms": [
      "Alien Mexican Armada"
    ]
  },
  {
    "value": "Giant Cat Monster",
    "synonyms": [
      "Giant Cat Monster"
    ]
  },
  {
    "value": "Old Women",
    "synonyms": [
      "Old Women"
    ]
  },
  {
    "value": "Trunkphobic guy",
    "synonyms": [
      "Trunkphobic guy"
    ]
  },
  {
    "value": "Pro trunk people marriage guy",
    "synonyms": [
      "Pro trunk people marriage guy"
    ]
  },
  {
    "value": "Muscular Mannie",
    "synonyms": [
      "Muscular Mannie"
    ]
  },
  {
    "value": "Baby Legs Chief",
    "synonyms": [
      "Baby Legs Chief"
    ]
  },
  {
    "value": "Mrs. Sullivan\u0027s Boyfriend",
    "synonyms": [
      "Mrs. Sullivan\u0027s Boyfriend"
    ]
  },
  {
    "value": "Plutonian Hostess",
    "synonyms": [
      "Plutonian Hostess"
    ]
  },
  {
    "value": "Plutonian Host",
    "synonyms": [
      "Plutonian Host"
    ]
  },
  {
    "value": "Rich Plutonian",
    "synonyms": [
      "Rich Plutonian"
    ]
  },
  {
    "value": "Synthetic Laser Eels",
    "synonyms": [
      "Synthetic Laser Eels"
    ]
  },
  {
    "value": "Pizza-person",
    "synonyms": [
      "Pizza-person"
    ]
  },
  {
    "value": "Greasy Grandma",
    "synonyms": [
      "Greasy Grandma"
    ]
  },
  {
    "value": "Phone-person",
    "synonyms": [
      "Phone-person"
    ]
  },
  {
    "value": "Chair-person",
    "synonyms": [
      "Chair-person"
    ]
  },
  {
    "value": "Chair-homeless",
    "synonyms": [
      "Chair-homeless"
    ]
  },
  {
    "value": "Chair-waiter",
    "synonyms": [
      "Chair-waiter"
    ]
  },
  {
    "value": "Doopidoo",
    "synonyms": [
      "Doopidoo"
    ]
  },
  {
    "value": "Super Weird Rick",
    "synonyms": [
      "Super Weird Rick"
    ]
  },
  {
    "value": "Pripudlian",
    "synonyms": [
      "Pripudlian"
    ]
  },
  {
    "value": "Giant Testicle Monster",
    "synonyms": [
      "Giant Testicle Monster"
    ]
  },
  {
    "value": "Michael",
    "synonyms": [
      "Michael"
    ]
  },
  {
    "value": "Michael\u0027s Lawyer",
    "synonyms": [
      "Michael\u0027s Lawyer"
    ]
  },
  {
    "value": "Veterinary",
    "synonyms": [
      "Veterinary"
    ]
  },
  {
    "value": "Veterinary Nurse",
    "synonyms": [
      "Veterinary Nurse"
    ]
  },
  {
    "value": "Bearded Jerry",
    "synonyms": [
      "Bearded Jerry"
    ]
  },
  {
    "value": "Shaved Head Jerry",
    "synonyms": [
      "Shaved Head Jerry"
    ]
  },
  {
    "value": "Tank Top Jerry",
    "synonyms": [
      "Tank Top Jerry"
    ]
  },
  {
    "value": "Pink Polo Shirt Jerry",
    "synonyms": [
      "Pink Polo Shirt Jerry"
    ]
  },
  {
    "value": "Jerryboree Keeper",
    "synonyms": [
      "Jerryboree Keeper"
    ]
  },
  {
    "value": "Jerryboree Receptionist",
    "synonyms": [
      "Jerryboree Receptionist"
    ]
  },
  {
    "value": "Anchor Gear",
    "synonyms": [
      "Anchor Gear"
    ]
  },
  {
    "value": "Gear Cop",
    "synonyms": [
      "Gear Cop"
    ]
  },
  {
    "value": "Roy\u0027s Mum",
    "synonyms": [
      "Roy\u0027s Mum"
    ]
  },
  {
    "value": "Roy\u0027s Wife",
    "synonyms": [
      "Roy\u0027s Wife"
    ]
  },
  {
    "value": "Roy\u0027s Son",
    "synonyms": [
      "Roy\u0027s Son"
    ]
  },
  {
    "value": "Simon",
    "synonyms": [
      "Simon"
    ]
  },
  {
    "value": "Vampire Master\u0027s Assistant",
    "synonyms": [
      "Vampire Master\u0027s Assistant"
    ]
  },
  {
    "value": "Arbolian Mentirososian",
    "synonyms": [
      "Arbolian Mentirososian"
    ]
  },
  {
    "value": "St. Gloopy Noops Nurse",
    "synonyms": [
      "St. Gloopy Noops Nurse"
    ]
  },
  {
    "value": "Nano Doctor",
    "synonyms": [
      "Nano Doctor"
    ]
  },
  {
    "value": "Funny Songs Presenter",
    "synonyms": [
      "Funny Songs Presenter"
    ]
  },
  {
    "value": "Tax Attorney",
    "synonyms": [
      "Tax Attorney"
    ]
  },
  {
    "value": "Butthole Ice Cream Guy",
    "synonyms": [
      "Butthole Ice Cream Guy"
    ]
  },
  {
    "value": "Traflorkian Journalist",
    "synonyms": [
      "Traflorkian Journalist"
    ]
  },
  {
    "value": "Communication\u0027s Responsible Rick",
    "synonyms": [
      "Communication\u0027s Responsible Rick"
    ]
  },
  {
    "value": "Teleportation\u0027s Responsible Rick",
    "synonyms": [
      "Teleportation\u0027s Responsible Rick"
    ]
  },
  {
    "value": "SEAL Team Rick",
    "synonyms": [
      "SEAL Team Rick"
    ]
  },
  {
    "value": "Morphizer-XE Customer Support",
    "synonyms": [
      "Morphizer-XE Customer Support"
    ]
  },
  {
    "value": "Alien Spa Employee",
    "synonyms": [
      "Alien Spa Employee"
    ]
  },
  {
    "value": "Little Voltron",
    "synonyms": [
      "Little Voltron"
    ]
  },
  {
    "value": "Baby Rick",
    "synonyms": [
      "Baby Rick"
    ]
  },
  {
    "value": "Bartender Morty",
    "synonyms": [
      "Bartender Morty"
    ]
  },
  {
    "value": "Dancer Cowboy Morty",
    "synonyms": [
      "Dancer Cowboy Morty"
    ]
  },
  {
    "value": "Dancer Morty",
    "synonyms": [
      "Dancer Morty"
    ]
  },
  {
    "value": "Flower Morty",
    "synonyms": [
      "Flower Morty"
    ]
  },
  {
    "value": "Hairdresser Rick",
    "synonyms": [
      "Hairdresser Rick"
    ]
  },
  {
    "value": "Journalist Rick",
    "synonyms": [
      "Journalist Rick"
    ]
  },
  {
    "value": "Private Sector Rick",
    "synonyms": [
      "Private Sector Rick"
    ]
  },
  {
    "value": "Purple Morty",
    "synonyms": [
      "Purple Morty"
    ]
  },
  {
    "value": "Retired General Rick",
    "synonyms": [
      "Retired General Rick"
    ]
  },
  {
    "value": "Secret Service Rick",
    "synonyms": [
      "Secret Service Rick"
    ]
  },
  {
    "value": "Steve Jobs Rick",
    "synonyms": [
      "Steve Jobs Rick"
    ]
  },
  {
    "value": "Sheik Rick",
    "synonyms": [
      "Sheik Rick"
    ]
  },
  {
    "value": "Modern Rick",
    "synonyms": [
      "Modern Rick"
    ]
  },
  {
    "value": "Tan Rick",
    "synonyms": [
      "Tan Rick"
    ]
  },
  {
    "value": "Visor Rick",
    "synonyms": [
      "Visor Rick"
    ]
  },
  {
    "value": "Colonial Rick",
    "synonyms": [
      "Colonial Rick"
    ]
  },
  {
    "value": "P-Coat Rick",
    "synonyms": [
      "P-Coat Rick"
    ]
  },
  {
    "value": "Chang",
    "synonyms": [
      "Chang"
    ]
  },
  {
    "value": "Dr. Eleanor Arroway",
    "synonyms": [
      "Dr. Eleanor Arroway"
    ]
  },
  {
    "value": "Varrix",
    "synonyms": [
      "Varrix"
    ]
  },
  {
    "value": "Secretary of the Interior",
    "synonyms": [
      "Secretary of the Interior"
    ]
  },
  {
    "value": "Crystal Poacher",
    "synonyms": [
      "Crystal Poacher"
    ]
  },
  {
    "value": "Hologram Rick",
    "synonyms": [
      "Hologram Rick"
    ]
  },
  {
    "value": "Fascist Rick",
    "synonyms": [
      "Fascist Rick"
    ]
  },
  {
    "value": "Fascist Morty",
    "synonyms": [
      "Fascist Morty"
    ]
  },
  {
    "value": "Fascist Mr. President",
    "synonyms": [
      "Fascist Mr. President"
    ]
  },
  {
    "value": "Fascist Rick’s Clone",
    "synonyms": [
      "Fascist Rick’s Clone"
    ]
  },
  {
    "value": "Fascist Shrimp Rick",
    "synonyms": [
      "Fascist Shrimp Rick"
    ]
  },
  {
    "value": "Fascist Shrimp Rick’s Clone",
    "synonyms": [
      "Fascist Shrimp Rick’s Clone"
    ]
  },
  {
    "value": "Fascist Shrimp Morty",
    "synonyms": [
      "Fascist Shrimp Morty"
    ]
  },
  {
    "value": "Fascist Shrimp SS",
    "synonyms": [
      "Fascist Shrimp SS"
    ]
  },
  {
    "value": "Fascist Teddy Bear Rick",
    "synonyms": [
      "Fascist Teddy Bear Rick"
    ]
  },
  {
    "value": "Fascist Teddy Bear Rick’s Clone",
    "synonyms": [
      "Fascist Teddy Bear Rick’s Clone"
    ]
  },
  {
    "value": "Bully",
    "synonyms": [
      "Bully"
    ]
  },
  {
    "value": "Anchorman",
    "synonyms": [
      "Anchorman"
    ]
  },
  {
    "value": "Anchorwoman",
    "synonyms": [
      "Anchorwoman"
    ]
  },
  {
    "value": "Morty’s Lawyer",
    "synonyms": [
      "Morty’s Lawyer"
    ]
  },
  {
    "value": "Judge",
    "synonyms": [
      "Judge"
    ]
  },
  {
    "value": "Public Opinion Judge",
    "synonyms": [
      "Public Opinion Judge"
    ]
  },
  {
    "value": "Caterpillar Mr. Goldenfold",
    "synonyms": [
      "Caterpillar Mr. Goldenfold"
    ]
  },
  {
    "value": "Wasp Rick",
    "synonyms": [
      "Wasp Rick"
    ]
  },
  {
    "value": "Wasp Rick’s Clone",
    "synonyms": [
      "Wasp Rick’s Clone"
    ]
  },
  {
    "value": "Wasp Morty",
    "synonyms": [
      "Wasp Morty"
    ]
  },
  {
    "value": "Wasp Summer",
    "synonyms": [
      "Wasp Summer"
    ]
  },
  {
    "value": "Wasp Jerry",
    "synonyms": [
      "Wasp Jerry"
    ]
  },
  {
    "value": "Wasp Beth",
    "synonyms": [
      "Wasp Beth"
    ]
  },
  {
    "value": "Caterpillar Mr. Goldenfold’s Larvae",
    "synonyms": [
      "Caterpillar Mr. Goldenfold’s Larvae"
    ]
  },
  {
    "value": "Boglin",
    "synonyms": [
      "Boglin"
    ]
  },
  {
    "value": "Kirkland Brand Mr. Meeseeks",
    "synonyms": [
      "Kirkland Brand Mr. Meeseeks"
    ]
  },
  {
    "value": "Glootie",
    "synonyms": [
      "Glootie"
    ]
  },
  {
    "value": "Danny Publitz",
    "synonyms": [
      "Danny Publitz"
    ]
  },
  {
    "value": "Mothership Intern",
    "synonyms": [
      "Mothership Intern"
    ]
  },
  {
    "value": "Monogatron Leader",
    "synonyms": [
      "Monogatron Leader"
    ]
  },
  {
    "value": "Lizard",
    "synonyms": [
      "Lizard"
    ]
  },
  {
    "value": "Deliverance",
    "synonyms": [
      "Deliverance"
    ]
  },
  {
    "value": "Tony",
    "synonyms": [
      "Tony"
    ]
  },
  {
    "value": "Tony’s Wife",
    "synonyms": [
      "Tony’s Wife"
    ]
  },
  {
    "value": "Monogatron Queen",
    "synonyms": [
      "Monogatron Queen"
    ]
  },
  {
    "value": "Tony\u0027s Dad",
    "synonyms": [
      "Tony\u0027s Dad"
    ]
  },
  {
    "value": "Jeff",
    "synonyms": [
      "Jeff"
    ]
  },
  {
    "value": "Josiah",
    "synonyms": [
      "Josiah"
    ]
  },
  {
    "value": "Maggie",
    "synonyms": [
      "Maggie"
    ]
  },
  {
    "value": "Priest Witherspoon",
    "synonyms": [
      "Priest Witherspoon"
    ]
  },
  {
    "value": "Richard",
    "synonyms": [
      "Richard"
    ]
  },
  {
    "value": "Running Bird",
    "synonyms": [
      "Running Bird"
    ]
  },
  {
    "value": "Secretary at Tony\u0027s",
    "synonyms": [
      "Secretary at Tony\u0027s"
    ]
  },
  {
    "value": "Mountain Sweat Jerry",
    "synonyms": [
      "Mountain Sweat Jerry"
    ]
  },
  {
    "value": "Vermigurber",
    "synonyms": [
      "Vermigurber"
    ]
  },
  {
    "value": "Miles Knightly",
    "synonyms": [
      "Miles Knightly"
    ]
  },
  {
    "value": "Heist-Con Receptionist",
    "synonyms": [
      "Heist-Con Receptionist"
    ]
  },
  {
    "value": "Angie Flint",
    "synonyms": [
      "Angie Flint"
    ]
  },
  {
    "value": "Glar",
    "synonyms": [
      "Glar"
    ]
  },
  {
    "value": "Truckula",
    "synonyms": [
      "Truckula"
    ]
  },
  {
    "value": "Snake Arms",
    "synonyms": [
      "Snake Arms"
    ]
  },
  {
    "value": "Double Microwawe",
    "synonyms": [
      "Double Microwawe"
    ]
  },
  {
    "value": "Monitor Lord",
    "synonyms": [
      "Monitor Lord"
    ]
  },
  {
    "value": "Key Catcher",
    "synonyms": [
      "Key Catcher"
    ]
  },
  {
    "value": "The Shapeshiftress",
    "synonyms": [
      "The Shapeshiftress"
    ]
  },
  {
    "value": "Heistotron",
    "synonyms": [
      "Heistotron"
    ]
  },
  {
    "value": "Randotron",
    "synonyms": [
      "Randotron"
    ]
  },
  {
    "value": "Hephaestus",
    "synonyms": [
      "Hephaestus"
    ]
  },
  {
    "value": "Ventriloquiver",
    "synonyms": [
      "Ventriloquiver"
    ]
  },
  {
    "value": "Elon Tusk",
    "synonyms": [
      "Elon Tusk"
    ]
  },
  {
    "value": "Gramuflackian Anchorman",
    "synonyms": [
      "Gramuflackian Anchorman"
    ]
  },
  {
    "value": "Gramuflackian General",
    "synonyms": [
      "Gramuflackian General"
    ]
  },
  {
    "value": "Netflix Executive",
    "synonyms": [
      "Netflix Executive"
    ]
  },
  {
    "value": "Balthromaw",
    "synonyms": [
      "Balthromaw"
    ]
  },
  {
    "value": "The Wizard",
    "synonyms": [
      "The Wizard"
    ]
  },
  {
    "value": "Talking Cat",
    "synonyms": [
      "Talking Cat"
    ]
  },
  {
    "value": "Debrah",
    "synonyms": [
      "Debrah"
    ]
  },
  {
    "value": "Debrah’s Partner",
    "synonyms": [
      "Debrah’s Partner"
    ]
  },
  {
    "value": "Slut Dragon",
    "synonyms": [
      "Slut Dragon"
    ]
  },
  {
    "value": "Shadow Jacker",
    "synonyms": [
      "Shadow Jacker"
    ]
  },
  {
    "value": "Chachi",
    "synonyms": [
      "Chachi"
    ]
  },
  {
    "value": "Slippy",
    "synonyms": [
      "Slippy"
    ]
  },
  {
    "value": "Robot Snake",
    "synonyms": [
      "Robot Snake"
    ]
  },
  {
    "value": "Snake Hitler",
    "synonyms": [
      "Snake Hitler"
    ]
  },
  {
    "value": "Snake Lincoln",
    "synonyms": [
      "Snake Lincoln"
    ]
  },
  {
    "value": "Snake Resistance Robot",
    "synonyms": [
      "Snake Resistance Robot"
    ]
  },
  {
    "value": "Snake Linguist",
    "synonyms": [
      "Snake Linguist"
    ]
  },
  {
    "value": "Snake Terminator",
    "synonyms": [
      "Snake Terminator"
    ]
  },
  {
    "value": "Snake Soldier",
    "synonyms": [
      "Snake Soldier"
    ]
  },
  {
    "value": "Snake with Legs",
    "synonyms": [
      "Snake with Legs"
    ]
  },
  {
    "value": "Secret Service Snake",
    "synonyms": [
      "Secret Service Snake"
    ]
  },
  {
    "value": "Anchosnake",
    "synonyms": [
      "Anchosnake"
    ]
  },
  {
    "value": "80\u0027s snake",
    "synonyms": [
      "80\u0027s snake"
    ]
  },
  {
    "value": "Bar Customer",
    "synonyms": [
      "Bar Customer"
    ]
  },
  {
    "value": "Bartender",
    "synonyms": [
      "Bartender"
    ]
  },
  {
    "value": "PC Basketball Player",
    "synonyms": [
      "PC Basketball Player"
    ]
  },
  {
    "value": "Cavesnake",
    "synonyms": [
      "Cavesnake"
    ]
  },
  {
    "value": "Pet Shop Employee",
    "synonyms": [
      "Pet Shop Employee"
    ]
  },
  {
    "value": "Snake Reporter",
    "synonyms": [
      "Snake Reporter"
    ]
  },
  {
    "value": "High Pilot",
    "synonyms": [
      "High Pilot"
    ]
  },
  {
    "value": "Phoenixperson",
    "synonyms": [
      "Phoenixperson"
    ]
  },
  {
    "value": "Tickets Please Guy",
    "synonyms": [
      "Tickets Please Guy"
    ]
  },
  {
    "value": "Floaty Bloody Man",
    "synonyms": [
      "Floaty Bloody Man"
    ]
  },
  {
    "value": "Floaty Non-Gasm Brotherhood Member",
    "synonyms": [
      "Floaty Non-Gasm Brotherhood Member"
    ]
  },
  {
    "value": "Floaty Non-Gasm Brotherhood Member Friend",
    "synonyms": [
      "Floaty Non-Gasm Brotherhood Member Friend"
    ]
  },
  {
    "value": "Biblesaurus",
    "synonyms": [
      "Biblesaurus"
    ]
  },
  {
    "value": "Cats Fan",
    "synonyms": [
      "Cats Fan"
    ]
  },
  {
    "value": "Christmas Storyteller",
    "synonyms": [
      "Christmas Storyteller"
    ]
  },
  {
    "value": "Cookies Guy",
    "synonyms": [
      "Cookies Guy"
    ]
  },
  {
    "value": "Crossy",
    "synonyms": [
      "Crossy"
    ]
  },
  {
    "value": "Female Scorpion",
    "synonyms": [
      "Female Scorpion"
    ]
  },
  {
    "value": "Floaty Bloody Man’s Daughter",
    "synonyms": [
      "Floaty Bloody Man’s Daughter"
    ]
  },
  {
    "value": "Goomby",
    "synonyms": [
      "Goomby"
    ]
  },
  {
    "value": "Hairspray Fan",
    "synonyms": [
      "Hairspray Fan"
    ]
  },
  {
    "value": "Jesus Christ",
    "synonyms": [
      "Jesus Christ"
    ]
  },
  {
    "value": "Josh",
    "synonyms": [
      "Josh"
    ]
  },
  {
    "value": "Josh\u0027s Sister",
    "synonyms": [
      "Josh\u0027s Sister"
    ]
  },
  {
    "value": "Leah",
    "synonyms": [
      "Leah"
    ]
  },
  {
    "value": "Marcus",
    "synonyms": [
      "Marcus"
    ]
  },
  {
    "value": "Mike Johnson",
    "synonyms": [
      "Mike Johnson"
    ]
  },
  {
    "value": "Mr. Celery \u0026 Friends",
    "synonyms": [
      "Mr. Celery \u0026 Friends"
    ]
  },
  {
    "value": "Musical Fan",
    "synonyms": [
      "Musical Fan"
    ]
  },
  {
    "value": "Phantom of the Opera Fan",
    "synonyms": [
      "Phantom of the Opera Fan"
    ]
  },
  {
    "value": "Private Smith",
    "synonyms": [
      "Private Smith"
    ]
  },
  {
    "value": "Professor Sanchez",
    "synonyms": [
      "Professor Sanchez"
    ]
  },
  {
    "value": "Ramamama Lord",
    "synonyms": [
      "Ramamama Lord"
    ]
  },
  {
    "value": "Ruth Bader Ginsburg",
    "synonyms": [
      "Ruth Bader Ginsburg"
    ]
  },
  {
    "value": "Sarge",
    "synonyms": [
      "Sarge"
    ]
  },
  {
    "value": "Shrek The Musical Fan",
    "synonyms": [
      "Shrek The Musical Fan"
    ]
  },
  {
    "value": "Snuffles",
    "synonyms": [
      "Snuffles"
    ]
  },
  {
    "value": "Storylord",
    "synonyms": [
      "Storylord"
    ]
  },
  {
    "value": "The Concept of Time",
    "synonyms": [
      "The Concept of Time"
    ]
  },
  {
    "value": "Train Cop",
    "synonyms": [
      "Train Cop"
    ]
  },
  {
    "value": "Train Cops",
    "synonyms": [
      "Train Cops"
    ]
  },
  {
    "value": "Train Cops Instructor",
    "synonyms": [
      "Train Cops Instructor"
    ]
  },
  {
    "value": "Darth Poopybutthole",
    "synonyms": [
      "Darth Poopybutthole"
    ]
  },
  {
    "value": "Morty’s Disguise",
    "synonyms": [
      "Morty’s Disguise"
    ]
  },
  {
    "value": "Rick’s Disguise",
    "synonyms": [
      "Rick’s Disguise"
    ]
  },
  {
    "value": "Uncle Nibbles",
    "synonyms": [
      "Uncle Nibbles"
    ]
  },
  {
    "value": "Angry Glorzo",
    "synonyms": [
      "Angry Glorzo"
    ]
  },
  {
    "value": "Bruce",
    "synonyms": [
      "Bruce"
    ]
  },
  {
    "value": "Council of Glorzos Member",
    "synonyms": [
      "Council of Glorzos Member"
    ]
  },
  {
    "value": "Old Glorzo",
    "synonyms": [
      "Old Glorzo"
    ]
  },
  {
    "value": "Shane",
    "synonyms": [
      "Shane"
    ]
  },
  {
    "value": "Troy",
    "synonyms": [
      "Troy"
    ]
  },
  {
    "value": "Crystal Dealers Boss",
    "synonyms": [
      "Crystal Dealers Boss"
    ]
  },
  {
    "value": "Crystal Dealer",
    "synonyms": [
      "Crystal Dealer"
    ]
  },
  {
    "value": "SWAT Officer",
    "synonyms": [
      "SWAT Officer"
    ]
  },
  {
    "value": "Plane Crash Survivor",
    "synonyms": [
      "Plane Crash Survivor"
    ]
  },
  {
    "value": "Heroine Keith",
    "synonyms": [
      "Heroine Keith"
    ]
  },
  {
    "value": "Impervious to Acid SWAT Officer",
    "synonyms": [
      "Impervious to Acid SWAT Officer"
    ]
  },
  {
    "value": "Johnny Carson",
    "synonyms": [
      "Johnny Carson"
    ]
  },
  {
    "value": "Sonia Sotomayor",
    "synonyms": [
      "Sonia Sotomayor"
    ]
  },
  {
    "value": "Morty’s Father-in-law",
    "synonyms": [
      "Morty’s Father-in-law"
    ]
  },
  {
    "value": "Morty’s Mother-in-law",
    "synonyms": [
      "Morty’s Mother-in-law"
    ]
  },
  {
    "value": "Morty’s Girlfriend",
    "synonyms": [
      "Morty’s Girlfriend"
    ]
  },
  {
    "value": "Gaia",
    "synonyms": [
      "Gaia"
    ]
  },
  {
    "value": "Reggie",
    "synonyms": [
      "Reggie"
    ]
  },
  {
    "value": "Ticktock",
    "synonyms": [
      "Ticktock"
    ]
  },
  {
    "value": "Florflock",
    "synonyms": [
      "Florflock"
    ]
  },
  {
    "value": "Squeeb",
    "synonyms": [
      "Squeeb"
    ]
  },
  {
    "value": "Defiance Beth",
    "synonyms": [
      "Defiance Beth"
    ]
  },
  {
    "value": "Defiance Squanchette",
    "synonyms": [
      "Defiance Squanchette"
    ]
  },
  {
    "value": "Defiance Doctor",
    "synonyms": [
      "Defiance Doctor"
    ]
  },
  {
    "value": "New Improved Galactic Federation Guard",
    "synonyms": [
      "New Improved Galactic Federation Guard"
    ]
  },
  {
    "value": "Mr. Nimbus",
    "synonyms": [
      "Mr. Nimbus"
    ]
  },
  {
    "value": "Hoovy",
    "synonyms": [
      "Hoovy"
    ]
  },
  {
    "value": "Bova",
    "synonyms": [
      "Bova"
    ]
  },
  {
    "value": "Japheth",
    "synonyms": [
      "Japheth"
    ]
  },
  {
    "value": "Japheth\u0027s Middle Son",
    "synonyms": [
      "Japheth\u0027s Middle Son"
    ]
  },
  {
    "value": "Japheth\u0027s Eldest Son",
    "synonyms": [
      "Japheth\u0027s Eldest Son"
    ]
  },
  {
    "value": "Japheth\u0027s Youngest Son",
    "synonyms": [
      "Japheth\u0027s Youngest Son"
    ]
  },
  {
    "value": "Japheth\u0027s Grandson",
    "synonyms": [
      "Japheth\u0027s Grandson"
    ]
  },
  {
    "value": "Adam",
    "synonyms": [
      "Adam"
    ]
  },
  {
    "value": "Adam\u0027s Mother",
    "synonyms": [
      "Adam\u0027s Mother"
    ]
  },
  {
    "value": "Warlock",
    "synonyms": [
      "Warlock"
    ]
  },
  {
    "value": "Evolved Narnian",
    "synonyms": [
      "Evolved Narnian"
    ]
  },
  {
    "value": "Mr. Nimbus Secretary",
    "synonyms": [
      "Mr. Nimbus Secretary"
    ]
  },
  {
    "value": "Evolved Narnian Disguised as Morty",
    "synonyms": [
      "Evolved Narnian Disguised as Morty"
    ]
  },
  {
    "value": "Mr. Nimbus\u0027 Squid",
    "synonyms": [
      "Mr. Nimbus\u0027 Squid"
    ]
  },
  {
    "value": "Scarecrow Rick",
    "synonyms": [
      "Scarecrow Rick"
    ]
  },
  {
    "value": "Scarecrow Summer",
    "synonyms": [
      "Scarecrow Summer"
    ]
  },
  {
    "value": "Scarecrow Jerry",
    "synonyms": [
      "Scarecrow Jerry"
    ]
  },
  {
    "value": "Scarecrow Morty",
    "synonyms": [
      "Scarecrow Morty"
    ]
  },
  {
    "value": "Scarecrow Beth",
    "synonyms": [
      "Scarecrow Beth"
    ]
  },
  {
    "value": "Glockenspiel Jerry",
    "synonyms": [
      "Glockenspiel Jerry"
    ]
  },
  {
    "value": "Glockenspiel Beth",
    "synonyms": [
      "Glockenspiel Beth"
    ]
  },
  {
    "value": "Glockenspiel Rick",
    "synonyms": [
      "Glockenspiel Rick"
    ]
  },
  {
    "value": "Glockenspiel Summer",
    "synonyms": [
      "Glockenspiel Summer"
    ]
  },
  {
    "value": "Glockenspiel Morty",
    "synonyms": [
      "Glockenspiel Morty"
    ]
  },
  {
    "value": "Wicker Beth",
    "synonyms": [
      "Wicker Beth"
    ]
  },
  {
    "value": "Wicker Rick",
    "synonyms": [
      "Wicker Rick"
    ]
  },
  {
    "value": "Wicker Morty",
    "synonyms": [
      "Wicker Morty"
    ]
  },
  {
    "value": "Wicker Summer",
    "synonyms": [
      "Wicker Summer"
    ]
  },
  {
    "value": "Metal Rick",
    "synonyms": [
      "Metal Rick"
    ]
  },
  {
    "value": "Gun Brain Rick",
    "synonyms": [
      "Gun Brain Rick"
    ]
  },
  {
    "value": "Mr. Always Wants to be Hunted",
    "synonyms": [
      "Mr. Always Wants to be Hunted"
    ]
  },
  {
    "value": "Squid Costume Beth",
    "synonyms": [
      "Squid Costume Beth"
    ]
  },
  {
    "value": "Squid Costume Jerry",
    "synonyms": [
      "Squid Costume Jerry"
    ]
  },
  {
    "value": "Squid Costume Morty",
    "synonyms": [
      "Squid Costume Morty"
    ]
  },
  {
    "value": "Squid Costume Rick",
    "synonyms": [
      "Squid Costume Rick"
    ]
  },
  {
    "value": "Squid Costume Summer",
    "synonyms": [
      "Squid Costume Summer"
    ]
  },
  {
    "value": "Dracula",
    "synonyms": [
      "Dracula"
    ]
  },
  {
    "value": "When Wolf",
    "synonyms": [
      "When Wolf"
    ]
  },
  {
    "value": "Too Cute to Murder Beth",
    "synonyms": [
      "Too Cute to Murder Beth"
    ]
  },
  {
    "value": "Too Cute to Murder Rick",
    "synonyms": [
      "Too Cute to Murder Rick"
    ]
  },
  {
    "value": "Too Cute to Murder Jerry",
    "synonyms": [
      "Too Cute to Murder Jerry"
    ]
  },
  {
    "value": "Too Cute to Murder Morty",
    "synonyms": [
      "Too Cute to Murder Morty"
    ]
  },
  {
    "value": "Too Cute to Murder Summer",
    "synonyms": [
      "Too Cute to Murder Summer"
    ]
  },
  {
    "value": "Planetina",
    "synonyms": [
      "Planetina"
    ]
  },
  {
    "value": "Daphne",
    "synonyms": [
      "Daphne"
    ]
  },
  {
    "value": "Diesel Weasel",
    "synonyms": [
      "Diesel Weasel"
    ]
  },
  {
    "value": "Eddie",
    "synonyms": [
      "Eddie"
    ]
  },
  {
    "value": "Xing Ho",
    "synonyms": [
      "Xing Ho"
    ]
  },
  {
    "value": "Air Tina-Teer",
    "synonyms": [
      "Air Tina-Teer"
    ]
  },
  {
    "value": "Water Tina-Teer",
    "synonyms": [
      "Water Tina-Teer"
    ]
  },
  {
    "value": "Planetina Buyer",
    "synonyms": [
      "Planetina Buyer"
    ]
  },
  {
    "value": "Tony Galopagus",
    "synonyms": [
      "Tony Galopagus"
    ]
  },
  {
    "value": "Sticky",
    "synonyms": [
      "Sticky"
    ]
  },
  {
    "value": "Professor Shabooboo",
    "synonyms": [
      "Professor Shabooboo"
    ]
  },
  {
    "value": "Sperm Queen",
    "synonyms": [
      "Sperm Queen"
    ]
  },
  {
    "value": "CHUD King",
    "synonyms": [
      "CHUD King"
    ]
  },
  {
    "value": "Princess Ponietta",
    "synonyms": [
      "Princess Ponietta"
    ]
  },
  {
    "value": "Naruto Smith",
    "synonyms": [
      "Naruto Smith"
    ]
  },
  {
    "value": "Blazen",
    "synonyms": [
      "Blazen"
    ]
  },
  {
    "value": "Kathy Ireland",
    "synonyms": [
      "Kathy Ireland"
    ]
  },
  {
    "value": "Amazing Johnathan",
    "synonyms": [
      "Amazing Johnathan"
    ]
  },
  {
    "value": "Foal Sanchez",
    "synonyms": [
      "Foal Sanchez"
    ]
  },
  {
    "value": "Spaceman",
    "synonyms": [
      "Spaceman"
    ]
  },
  {
    "value": "Cirque du Soleil Zumanity Member",
    "synonyms": [
      "Cirque du Soleil Zumanity Member"
    ]
  },
  {
    "value": "Bruce Chutback",
    "synonyms": [
      "Bruce Chutback"
    ]
  },
  {
    "value": "Alyson Hannigan",
    "synonyms": [
      "Alyson Hannigan"
    ]
  },
  {
    "value": "Cenobite",
    "synonyms": [
      "Cenobite"
    ]
  },
  {
    "value": "Coat Rack Head",
    "synonyms": [
      "Coat Rack Head"
    ]
  },
  {
    "value": "Mousetrap Nipples",
    "synonyms": [
      "Mousetrap Nipples"
    ]
  },
  {
    "value": "Changeformer",
    "synonyms": [
      "Changeformer"
    ]
  },
  {
    "value": "Space Cruiser",
    "synonyms": [
      "Space Cruiser"
    ]
  },
  {
    "value": "Coop",
    "synonyms": [
      "Coop"
    ]
  },
  {
    "value": "Dwayne",
    "synonyms": [
      "Dwayne"
    ]
  },
  {
    "value": "Franklin D. Roosevelt",
    "synonyms": [
      "Franklin D. Roosevelt"
    ]
  },
  {
    "value": "President\u0027s General",
    "synonyms": [
      "President\u0027s General"
    ]
  },
  {
    "value": "Giant Assassin Hidden in the Statue of Liberty",
    "synonyms": [
      "Giant Assassin Hidden in the Statue of Liberty"
    ]
  },
  {
    "value": "Turkey Morty",
    "synonyms": [
      "Turkey Morty"
    ]
  },
  {
    "value": "Turkey Rick",
    "synonyms": [
      "Turkey Rick"
    ]
  },
  {
    "value": "Turkey President Curtis",
    "synonyms": [
      "Turkey President Curtis"
    ]
  },
  {
    "value": "Martínez",
    "synonyms": [
      "Martínez"
    ]
  },
  {
    "value": "Marvin",
    "synonyms": [
      "Marvin"
    ]
  },
  {
    "value": "Jackey",
    "synonyms": [
      "Jackey"
    ]
  },
  {
    "value": "Native Alien",
    "synonyms": [
      "Native Alien"
    ]
  },
  {
    "value": "Pilgrim Alien",
    "synonyms": [
      "Pilgrim Alien"
    ]
  },
  {
    "value": "President Turkey",
    "synonyms": [
      "President Turkey"
    ]
  },
  {
    "value": "Mary-Lou",
    "synonyms": [
      "Mary-Lou"
    ]
  },
  {
    "value": "Big Fat rick",
    "synonyms": [
      "Big Fat rick"
    ]
  },
  {
    "value": "Hothead Rick",
    "synonyms": [
      "Hothead Rick"
    ]
  },
  {
    "value": "Ricardo Montoya",
    "synonyms": [
      "Ricardo Montoya"
    ]
  },
  {
    "value": "Wrap-it-up Little Rick",
    "synonyms": [
      "Wrap-it-up Little Rick"
    ]
  },
  {
    "value": "Yo-yo Rick",
    "synonyms": [
      "Yo-yo Rick"
    ]
  },
  {
    "value": "Voiceoverian",
    "synonyms": [
      "Voiceoverian"
    ]
  },
  {
    "value": "Gotron Pilot",
    "synonyms": [
      "Gotron Pilot"
    ]
  },
  {
    "value": "Young Memory Rick",
    "synonyms": [
      "Young Memory Rick"
    ]
  },
  {
    "value": "Memory Tammy",
    "synonyms": [
      "Memory Tammy"
    ]
  },
  {
    "value": "Rick\u0027s Garage",
    "synonyms": [
      "Rick\u0027s Garage"
    ]
  },
  {
    "value": "Memory Squanchy",
    "synonyms": [
      "Memory Squanchy"
    ]
  },
  {
    "value": "Memory Rick",
    "synonyms": [
      "Memory Rick"
    ]
  },
  {
    "value": "Memory Geardude",
    "synonyms": [
      "Memory Geardude"
    ]
  },
  {
    "value": "Birdperson \u0026 Tammy\u0027s Child",
    "synonyms": [
      "Birdperson \u0026 Tammy\u0027s Child"
    ]
  },
  {
    "value": "Two Crows",
    "synonyms": [
      "Two Crows"
    ]
  },
  {
    "value": "Mr. Cookie President",
    "synonyms": [
      "Mr. Cookie President"
    ]
  },
  {
    "value": "Nick",
    "synonyms": [
      "Nick"
    ]
  },
  {
    "value": "Harold (Garbage Goober)",
    "synonyms": [
      "Harold (Garbage Goober)"
    ]
  },
  {
    "value": "Harold\u0027s Wife",
    "synonyms": [
      "Harold\u0027s Wife"
    ]
  },
  {
    "value": "Alien Crow",
    "synonyms": [
      "Alien Crow"
    ]
  },
  {
    "value": "Samansky",
    "synonyms": [
      "Samansky"
    ]
  },
  {
    "value": "Palicki",
    "synonyms": [
      "Palicki"
    ]
  },
  {
    "value": "Slartivartian",
    "synonyms": [
      "Slartivartian"
    ]
  },
  {
    "value": "Ferkusian",
    "synonyms": [
      "Ferkusian"
    ]
  },
  {
    "value": "Morglutzian",
    "synonyms": [
      "Morglutzian"
    ]
  },
  {
    "value": "Super Turkey",
    "synonyms": [
      "Super Turkey"
    ]
  },
  {
    "value": "7+7 Years Old Morty",
    "synonyms": [
      "7+7 Years Old Morty"
    ]
  },
  {
    "value": "26 Years Old Morty",
    "synonyms": [
      "26 Years Old Morty"
    ]
  },
  {
    "value": "40 Years Old Morty",
    "synonyms": [
      "40 Years Old Morty"
    ]
  },
  {
    "value": "Andy",
    "synonyms": [
      "Andy"
    ]
  },
  {
    "value": "Baby Mouse Skin Morty",
    "synonyms": [
      "Baby Mouse Skin Morty"
    ]
  },
  {
    "value": "Metaphor for Capitalism",
    "synonyms": [
      "Metaphor for Capitalism"
    ]
  },
  {
    "value": "Crow Scare",
    "synonyms": [
      "Crow Scare"
    ]
  },
  {
    "value": "Pussifer",
    "synonyms": [
      "Pussifer"
    ]
  },
  {
    "value": "Stan Lee Rick",
    "synonyms": [
      "Stan Lee Rick"
    ]
  },
  {
    "value": "Re-Build-a-Morty Morty",
    "synonyms": [
      "Re-Build-a-Morty Morty"
    ]
  },
  {
    "value": "Deformed Morty",
    "synonyms": [
      "Deformed Morty"
    ]
  },
  {
    "value": "Crow Horse",
    "synonyms": [
      "Crow Horse"
    ]
  },
  {
    "value": "Bald Rick",
    "synonyms": [
      "Bald Rick"
    ]
  },
  {
    "value": "Punk Rick",
    "synonyms": [
      "Punk Rick"
    ]
  },
  {
    "value": "Party Rick",
    "synonyms": [
      "Party Rick"
    ]
  },
  {
    "value": "Scar Rick",
    "synonyms": [
      "Scar Rick"
    ]
  },
  {
    "value": "Long Hair Rick",
    "synonyms": [
      "Long Hair Rick"
    ]
  },
  {
    "value": "Redhead Rick",
    "synonyms": [
      "Redhead Rick"
    ]
  },
  {
    "value": "Redhead Morty",
    "synonyms": [
      "Redhead Morty"
    ]
  },
  {
    "value": "Gotron",
    "synonyms": [
      "Gotron"
    ]
  },
  {
    "value": "Young Jerry",
    "synonyms": [
      "Young Jerry"
    ]
  },
  {
    "value": "Young Beth",
    "synonyms": [
      "Young Beth"
    ]
  },
  {
    "value": "Butter Robot",
    "synonyms": [
      "Butter Robot"
    ]
  }
]