[
  {
    "value": "Pilot",
    "synonyms": [
      "Pilot",
      "S01E01"
    ]
  },
  {
    "value": "Lawnmower Dog",
    "synonyms": [
      "Lawnmower Dog",
      "S01E02"
    ]
  },
  {
    "value": "Anatomy Park",
    "synonyms": [
      "Anatomy Park",
      "S01E03"
    ]
  },
  {
    "value": "M. Night Shaym-Aliens!",
    "synonyms": [
      "M. Night Shaym-Aliens!",
      "S01E04"
    ]
  },
  {
    "value": "Meeseeks and Destroy",
    "synonyms": [
      "Meeseeks and Destroy",
      "S01E05"
    ]
  },
  {
    "value": "Rick Potion #9",
    "synonyms": [
      "Rick Potion #9",
      "S01E06"
    ]
  },
  {
    "value": "Raising Gazorpazorp",
    "synonyms": [
      "Raising Gazorpazorp",
      "S01E07"
    ]
  },
  {
    "value": "Rixty Minutes",
    "synonyms": [
      "Rixty Minutes",
      "S01E08"
    ]
  },
  {
    "value": "Something Ricked This Way Comes",
    "synonyms": [
      "Something Ricked This Way Comes",
      "S01E09"
    ]
  },
  {
    "value": "Close Rick-counters of the Rick Kind",
    "synonyms": [
      "Close Rick-counters of the Rick Kind",
      "S01E10"
    ]
  },
  {
    "value": "Ricksy Business",
    "synonyms": [
      "Ricksy Business",
      "S01E11"
    ]
  },
  {
    "value": "A Rickle in Time",
    "synonyms": [
      "A Rickle in Time",
      "S02E01"
    ]
  },
  {
    "value": "Mortynight Run",
    "synonyms": [
      "Mortynight Run",
      "S02E02"
    ]
  },
  {
    "value": "Auto Erotic Assimilation",
    "synonyms": [
      "Auto Erotic Assimilation",
      "S02E03"
    ]
  },
  {
    "value": "Total Rickall",
    "synonyms": [
      "Total Rickall",
      "S02E04"
    ]
  },
  {
    "value": "Get Schwifty",
    "synonyms": [
      "Get Schwifty",
      "S02E05"
    ]
  },
  {
    "value": "The Ricks Must Be Crazy",
    "synonyms": [
      "The Ricks Must Be Crazy",
      "S02E06"
    ]
  },
  {
    "value": "Big Trouble in Little Sanchez",
    "synonyms": [
      "Big Trouble in Little Sanchez",
      "S02E07"
    ]
  },
  {
    "value": "Interdimensional Cable 2: Tempting Fate",
    "synonyms": [
      "Interdimensional Cable 2: Tempting Fate",
      "S02E08"
    ]
  },
  {
    "value": "Look Who\u0027s Purging Now",
    "synonyms": [
      "Look Who\u0027s Purging Now",
      "S02E09"
    ]
  },
  {
    "value": "The Wedding Squanchers",
    "synonyms": [
      "The Wedding Squanchers",
      "S02E10"
    ]
  },
  {
    "value": "The Rickshank Rickdemption",
    "synonyms": [
      "The Rickshank Rickdemption",
      "S03E01"
    ]
  },
  {
    "value": "Rickmancing the Stone",
    "synonyms": [
      "Rickmancing the Stone",
      "S03E02"
    ]
  },
  {
    "value": "Pickle Rick",
    "synonyms": [
      "Pickle Rick",
      "S03E03"
    ]
  },
  {
    "value": "Vindicators 3: The Return of Worldender",
    "synonyms": [
      "Vindicators 3: The Return of Worldender",
      "S03E04"
    ]
  },
  {
    "value": "The Whirly Dirly Conspiracy",
    "synonyms": [
      "The Whirly Dirly Conspiracy",
      "S03E05"
    ]
  },
  {
    "value": "Rest and Ricklaxation",
    "synonyms": [
      "Rest and Ricklaxation",
      "S03E06"
    ]
  },
  {
    "value": "The Ricklantis Mixup",
    "synonyms": [
      "The Ricklantis Mixup",
      "S03E07"
    ]
  },
  {
    "value": "Morty\u0027s Mind Blowers",
    "synonyms": [
      "Morty\u0027s Mind Blowers",
      "S03E08"
    ]
  },
  {
    "value": "The ABC\u0027s of Beth",
    "synonyms": [
      "The ABC\u0027s of Beth",
      "S03E09"
    ]
  },
  {
    "value": "The Rickchurian Mortydate",
    "synonyms": [
      "The Rickchurian Mortydate",
      "S03E10"
    ]
  },
  {
    "value": "Edge of Tomorty: Rick, Die, Rickpeat",
    "synonyms": [
      "Edge of Tomorty: Rick, Die, Rickpeat",
      "S04E01"
    ]
  },
  {
    "value": "The Old Man and the Seat",
    "synonyms": [
      "The Old Man and the Seat",
      "S04E02"
    ]
  },
  {
    "value": "One Crew Over the Crewcoo\u0027s Morty",
    "synonyms": [
      "One Crew Over the Crewcoo\u0027s Morty",
      "S04E03"
    ]
  },
  {
    "value": "Claw and Hoarder: Special Ricktim\u0027s Morty",
    "synonyms": [
      "Claw and Hoarder: Special Ricktim\u0027s Morty",
      "S04E04"
    ]
  },
  {
    "value": "Rattlestar Ricklactica",
    "synonyms": [
      "Rattlestar Ricklactica",
      "S04E05"
    ]
  },
  {
    "value": "Never Ricking Morty",
    "synonyms": [
      "Never Ricking Morty",
      "S04E06"
    ]
  },
  {
    "value": "Promortyus",
    "synonyms": [
      "Promortyus",
      "S04E07"
    ]
  },
  {
    "value": "The Vat of Acid Episode",
    "synonyms": [
      "The Vat of Acid Episode",
      "S04E08"
    ]
  },
  {
    "value": "Childrick of Mort",
    "synonyms": [
      "Childrick of Mort",
      "S04E09"
    ]
  },
  {
    "value": "Star Mort: Rickturn of the Jerri",
    "synonyms": [
      "Star Mort: Rickturn of the Jerri",
      "S04E10"
    ]
  },
  {
    "value": "Mort Dinner Rick Andre",
    "synonyms": [
      "Mort Dinner Rick Andre",
      "S05E01"
    ]
  },
  {
    "value": "Mortyplicity",
    "synonyms": [
      "Mortyplicity",
      "S05E02"
    ]
  },
  {
    "value": "A Rickconvenient Mort",
    "synonyms": [
      "A Rickconvenient Mort",
      "S05E03"
    ]
  },
  {
    "value": "Rickdependence Spray",
    "synonyms": [
      "Rickdependence Spray",
      "S05E04"
    ]
  },
  {
    "value": "Amortycan Grickfitti",
    "synonyms": [
      "Amortycan Grickfitti",
      "S05E05"
    ]
  },
  {
    "value": "Rick \u0026 Morty\u0027s Thanksploitation Spectacular",
    "synonyms": [
      "Rick \u0026 Morty\u0027s Thanksploitation Spectacular",
      "S05E06"
    ]
  },
  {
    "value": "Gotron Jerrysis Rickvangelion",
    "synonyms": [
      "Gotron Jerrysis Rickvangelion",
      "S05E07"
    ]
  },
  {
    "value": "Rickternal Friendshine of the Spotless Mort",
    "synonyms": [
      "Rickternal Friendshine of the Spotless Mort",
      "S05E08"
    ]
  },
  {
    "value": "Forgetting Sarick Mortshall",
    "synonyms": [
      "Forgetting Sarick Mortshall",
      "S05E09"
    ]
  },
  {
    "value": "Rickmurai Jack",
    "synonyms": [
      "Rickmurai Jack",
      "S05E10"
    ]
  }
]