[
  {
    "value": "Earth (C-137)",
    "synonyms": [
      "Earth (C-137)"
    ]
  },
  {
    "value": "Abadango",
    "synonyms": [
      "Abadango"
    ]
  },
  {
    "value": "Citadel of Ricks",
    "synonyms": [
      "Citadel of Ricks"
    ]
  },
  {
    "value": "Worldender\u0027s lair",
    "synonyms": [
      "Worldender\u0027s lair"
    ]
  },
  {
    "value": "Anatomy Park",
    "synonyms": [
      "Anatomy Park"
    ]
  },
  {
    "value": "Interdimensional Cable",
    "synonyms": [
      "Interdimensional Cable"
    ]
  },
  {
    "value": "Immortality Field Resort",
    "synonyms": [
      "Immortality Field Resort"
    ]
  },
  {
    "value": "Post-Apocalyptic Earth",
    "synonyms": [
      "Post-Apocalyptic Earth"
    ]
  },
  {
    "value": "Purge Planet",
    "synonyms": [
      "Purge Planet"
    ]
  },
  {
    "value": "Venzenulon 7",
    "synonyms": [
      "Venzenulon 7"
    ]
  },
  {
    "value": "Bepis 9",
    "synonyms": [
      "Bepis 9"
    ]
  },
  {
    "value": "Cronenberg Earth",
    "synonyms": [
      "Cronenberg Earth"
    ]
  },
  {
    "value": "Nuptia 4",
    "synonyms": [
      "Nuptia 4"
    ]
  },
  {
    "value": "Giant\u0027s Town",
    "synonyms": [
      "Giant\u0027s Town"
    ]
  },
  {
    "value": "Bird World",
    "synonyms": [
      "Bird World"
    ]
  },
  {
    "value": "St. Gloopy Noops Hospital",
    "synonyms": [
      "St. Gloopy Noops Hospital"
    ]
  },
  {
    "value": "Earth (5-126)",
    "synonyms": [
      "Earth (5-126)"
    ]
  },
  {
    "value": "Mr. Goldenfold\u0027s dream",
    "synonyms": [
      "Mr. Goldenfold\u0027s dream"
    ]
  },
  {
    "value": "Gromflom Prime",
    "synonyms": [
      "Gromflom Prime"
    ]
  },
  {
    "value": "Earth (Replacement Dimension)",
    "synonyms": [
      "Earth (Replacement Dimension)"
    ]
  },
  {
    "value": "Testicle Monster Dimension",
    "synonyms": [
      "Testicle Monster Dimension"
    ]
  },
  {
    "value": "Signus 5 Expanse",
    "synonyms": [
      "Signus 5 Expanse"
    ]
  },
  {
    "value": "Earth (C-500A)",
    "synonyms": [
      "Earth (C-500A)"
    ]
  },
  {
    "value": "Rick\u0027s Battery Microverse",
    "synonyms": [
      "Rick\u0027s Battery Microverse"
    ]
  },
  {
    "value": "The Menagerie",
    "synonyms": [
      "The Menagerie"
    ]
  },
  {
    "value": "Earth (K-83)",
    "synonyms": [
      "Earth (K-83)"
    ]
  },
  {
    "value": "Hideout Planet",
    "synonyms": [
      "Hideout Planet"
    ]
  },
  {
    "value": "Unity\u0027s Planet",
    "synonyms": [
      "Unity\u0027s Planet"
    ]
  },
  {
    "value": "Dorian 5",
    "synonyms": [
      "Dorian 5"
    ]
  },
  {
    "value": "Earth (Unknown dimension)",
    "synonyms": [
      "Earth (Unknown dimension)"
    ]
  },
  {
    "value": "Earth (J19ζ7)",
    "synonyms": [
      "Earth (J19ζ7)"
    ]
  },
  {
    "value": "Roy: A Life Well Lived",
    "synonyms": [
      "Roy: A Life Well Lived"
    ]
  },
  {
    "value": "Eric Stoltz Mask Earth",
    "synonyms": [
      "Eric Stoltz Mask Earth"
    ]
  },
  {
    "value": "Earth (Evil Rick\u0027s Target Dimension)",
    "synonyms": [
      "Earth (Evil Rick\u0027s Target Dimension)"
    ]
  },
  {
    "value": "Planet Squanch",
    "synonyms": [
      "Planet Squanch"
    ]
  },
  {
    "value": "Glaagablaaga",
    "synonyms": [
      "Glaagablaaga"
    ]
  },
  {
    "value": "Resort Planet",
    "synonyms": [
      "Resort Planet"
    ]
  },
  {
    "value": "Interdimensional Customs",
    "synonyms": [
      "Interdimensional Customs"
    ]
  },
  {
    "value": "Galactic Federation Prison",
    "synonyms": [
      "Galactic Federation Prison"
    ]
  },
  {
    "value": "Gazorpazorp",
    "synonyms": [
      "Gazorpazorp"
    ]
  },
  {
    "value": "Hamster in Butt World",
    "synonyms": [
      "Hamster in Butt World"
    ]
  },
  {
    "value": "Earth (Giant Telepathic Spiders Dimension)",
    "synonyms": [
      "Earth (Giant Telepathic Spiders Dimension)"
    ]
  },
  {
    "value": "Alphabetrium",
    "synonyms": [
      "Alphabetrium"
    ]
  },
  {
    "value": "Jerryboree",
    "synonyms": [
      "Jerryboree"
    ]
  },
  {
    "value": "Krootabulon",
    "synonyms": [
      "Krootabulon"
    ]
  },
  {
    "value": "Zigerion\u0027s Base",
    "synonyms": [
      "Zigerion\u0027s Base"
    ]
  },
  {
    "value": "Pluto",
    "synonyms": [
      "Pluto"
    ]
  },
  {
    "value": "Fantasy World",
    "synonyms": [
      "Fantasy World"
    ]
  },
  {
    "value": "Zeep Xanflorp\u0027s Miniverse",
    "synonyms": [
      "Zeep Xanflorp\u0027s Miniverse"
    ]
  },
  {
    "value": "Kyle\u0027s Teenyverse",
    "synonyms": [
      "Kyle\u0027s Teenyverse"
    ]
  },
  {
    "value": "Larva Alien\u0027s Planet",
    "synonyms": [
      "Larva Alien\u0027s Planet"
    ]
  },
  {
    "value": "Earth (K-22)",
    "synonyms": [
      "Earth (K-22)"
    ]
  },
  {
    "value": "Mr. Meeseeks Box",
    "synonyms": [
      "Mr. Meeseeks Box"
    ]
  },
  {
    "value": "Vindicator\u0027s Base",
    "synonyms": [
      "Vindicator\u0027s Base"
    ]
  },
  {
    "value": "Pawn Shop Planet",
    "synonyms": [
      "Pawn Shop Planet"
    ]
  },
  {
    "value": "Mega Gargantuan Kingdom",
    "synonyms": [
      "Mega Gargantuan Kingdom"
    ]
  },
  {
    "value": "Gear World",
    "synonyms": [
      "Gear World"
    ]
  },
  {
    "value": "Earth (D-99)",
    "synonyms": [
      "Earth (D-99)"
    ]
  },
  {
    "value": "Earth (D716)",
    "synonyms": [
      "Earth (D716)"
    ]
  },
  {
    "value": "Earth (D716-B)",
    "synonyms": [
      "Earth (D716-B)"
    ]
  },
  {
    "value": "Earth (D716-C)",
    "synonyms": [
      "Earth (D716-C)"
    ]
  },
  {
    "value": "Earth (J-22)",
    "synonyms": [
      "Earth (J-22)"
    ]
  },
  {
    "value": "Froopyland",
    "synonyms": [
      "Froopyland"
    ]
  },
  {
    "value": "Detoxifier",
    "synonyms": [
      "Detoxifier"
    ]
  },
  {
    "value": "Trunk World",
    "synonyms": [
      "Trunk World"
    ]
  },
  {
    "value": "Plopstar",
    "synonyms": [
      "Plopstar"
    ]
  },
  {
    "value": "Blips and Chitz",
    "synonyms": [
      "Blips and Chitz"
    ]
  },
  {
    "value": "Girvonesk",
    "synonyms": [
      "Girvonesk"
    ]
  },
  {
    "value": "Earth (C-35)",
    "synonyms": [
      "Earth (C-35)"
    ]
  },
  {
    "value": "Snuffles\u0027 Dream",
    "synonyms": [
      "Snuffles\u0027 Dream"
    ]
  },
  {
    "value": "Earth (Pizza Dimension)",
    "synonyms": [
      "Earth (Pizza Dimension)"
    ]
  },
  {
    "value": "Earth (Phone Dimension)",
    "synonyms": [
      "Earth (Phone Dimension)"
    ]
  },
  {
    "value": "Greasy Grandma World",
    "synonyms": [
      "Greasy Grandma World"
    ]
  },
  {
    "value": "Earth (Chair Dimension)",
    "synonyms": [
      "Earth (Chair Dimension)"
    ]
  },
  {
    "value": "Árboles Mentirosos",
    "synonyms": [
      "Árboles Mentirosos"
    ]
  },
  {
    "value": "Alien Day Spa",
    "synonyms": [
      "Alien Day Spa"
    ]
  },
  {
    "value": "Earth (Fascist Dimension)",
    "synonyms": [
      "Earth (Fascist Dimension)"
    ]
  },
  {
    "value": "Snake Planet",
    "synonyms": [
      "Snake Planet"
    ]
  },
  {
    "value": "Forbodulon Prime",
    "synonyms": [
      "Forbodulon Prime"
    ]
  },
  {
    "value": "Earth (Fascist Shrimp Dimension)",
    "synonyms": [
      "Earth (Fascist Shrimp Dimension)"
    ]
  },
  {
    "value": "Earth (Fascist Teddy Bear Dimension)",
    "synonyms": [
      "Earth (Fascist Teddy Bear Dimension)"
    ]
  },
  {
    "value": "Earth (Wasp Dimension)",
    "synonyms": [
      "Earth (Wasp Dimension)"
    ]
  },
  {
    "value": "Monogatron Mothership",
    "synonyms": [
      "Monogatron Mothership"
    ]
  },
  {
    "value": "Gorgon Quadrant",
    "synonyms": [
      "Gorgon Quadrant"
    ]
  },
  {
    "value": "Midland Quasar",
    "synonyms": [
      "Midland Quasar"
    ]
  },
  {
    "value": "Mount Space Everest",
    "synonyms": [
      "Mount Space Everest"
    ]
  },
  {
    "value": "Globaflyn",
    "synonyms": [
      "Globaflyn"
    ]
  },
  {
    "value": "Heist-Con",
    "synonyms": [
      "Heist-Con"
    ]
  },
  {
    "value": "Heistotron Base",
    "synonyms": [
      "Heistotron Base"
    ]
  },
  {
    "value": "Mount Olympus",
    "synonyms": [
      "Mount Olympus"
    ]
  },
  {
    "value": "Plitzville Montana",
    "synonyms": [
      "Plitzville Montana"
    ]
  },
  {
    "value": "Earth (Tusk Dimension)",
    "synonyms": [
      "Earth (Tusk Dimension)"
    ]
  },
  {
    "value": "Gramuflack",
    "synonyms": [
      "Gramuflack"
    ]
  },
  {
    "value": "Draygon",
    "synonyms": [
      "Draygon"
    ]
  },
  {
    "value": "New Improved Galactic Federation Quarters",
    "synonyms": [
      "New Improved Galactic Federation Quarters"
    ]
  },
  {
    "value": "Story Train",
    "synonyms": [
      "Story Train"
    ]
  },
  {
    "value": "Non-Diegetic Alternative Reality",
    "synonyms": [
      "Non-Diegetic Alternative Reality"
    ]
  },
  {
    "value": "Tickets Please Guy Nightmare",
    "synonyms": [
      "Tickets Please Guy Nightmare"
    ]
  },
  {
    "value": "Morty’s Story",
    "synonyms": [
      "Morty’s Story"
    ]
  },
  {
    "value": "Ricks’s Story",
    "synonyms": [
      "Ricks’s Story"
    ]
  },
  {
    "value": "Glorzo Asteroid",
    "synonyms": [
      "Glorzo Asteroid"
    ]
  },
  {
    "value": "Alien Acid Plant",
    "synonyms": [
      "Alien Acid Plant"
    ]
  },
  {
    "value": "Merged Universe",
    "synonyms": [
      "Merged Universe"
    ]
  },
  {
    "value": "Near-Duplicate Reality",
    "synonyms": [
      "Near-Duplicate Reality"
    ]
  },
  {
    "value": "NX-5 Planet Remover",
    "synonyms": [
      "NX-5 Planet Remover"
    ]
  },
  {
    "value": "Gaia",
    "synonyms": [
      "Gaia"
    ]
  },
  {
    "value": "Defiance\u0027s Ship",
    "synonyms": [
      "Defiance\u0027s Ship"
    ]
  },
  {
    "value": "Defiance\u0027s Base",
    "synonyms": [
      "Defiance\u0027s Base"
    ]
  },
  {
    "value": "The Ocean",
    "synonyms": [
      "The Ocean"
    ]
  },
  {
    "value": "Narnia Dimension",
    "synonyms": [
      "Narnia Dimension"
    ]
  },
  {
    "value": "Elemental Rings",
    "synonyms": [
      "Elemental Rings"
    ]
  },
  {
    "value": "Morglutz",
    "synonyms": [
      "Morglutz"
    ]
  },
  {
    "value": "Ferkus 9",
    "synonyms": [
      "Ferkus 9"
    ]
  },
  {
    "value": "Morty",
    "synonyms": [
      "Morty"
    ]
  },
  {
    "value": "Space",
    "synonyms": [
      "Space"
    ]
  },
  {
    "value": "Hell",
    "synonyms": [
      "Hell"
    ]
  },
  {
    "value": "Z. Q. P. D.",
    "synonyms": [
      "Z. Q. P. D."
    ]
  },
  {
    "value": "Space Tahoe",
    "synonyms": [
      "Space Tahoe"
    ]
  },
  {
    "value": "France",
    "synonyms": [
      "France"
    ]
  },
  {
    "value": "Birdperson\u0027s Consciousness",
    "synonyms": [
      "Birdperson\u0027s Consciousness"
    ]
  },
  {
    "value": "Rick\u0027s Consciousness",
    "synonyms": [
      "Rick\u0027s Consciousness"
    ]
  },
  {
    "value": "Avian Planet",
    "synonyms": [
      "Avian Planet"
    ]
  },
  {
    "value": "Normal Size Bug Dimension",
    "synonyms": [
      "Normal Size Bug Dimension"
    ]
  },
  {
    "value": "Slartivart",
    "synonyms": [
      "Slartivart"
    ]
  },
  {
    "value": "Rick and Two Crows Planet",
    "synonyms": [
      "Rick and Two Crows Planet"
    ]
  },
  {
    "value": "Rick\u0027s Memories",
    "synonyms": [
      "Rick\u0027s Memories"
    ]
  }
]