[
  {
    "id": "be1e3259-3149-41da-aaff-51148a3df2d2",
    "data": [
      {
        "text": "Tell me about ",
        "userDefined": false
      },
      {
        "text": "Rick Sanchez",
        "meta": "@Character",
        "alias": "character",
        "userDefined": true
      }
    ],
    "isTemplate": false,
    "count": 0,
    "lang": "en",
    "updated": 0
  },
  {
    "id": "c33fd89b-ce1c-45b7-bada-bbd81fc6c0e6",
    "data": [
      {
        "text": "What do you know about ",
        "userDefined": false
      },
      {
        "text": "Rick Sanchez",
        "meta": "@Character",
        "alias": "character",
        "userDefined": true
      },
      {
        "text": "?",
        "userDefined": false
      }
    ],
    "isTemplate": false,
    "count": 0,
    "lang": "en",
    "updated": 0
  },
  {
    "id": "15ea24e9-32ef-4da4-a878-02f83bb0c237",
    "data": [
      {
        "text": "Have you heard anything about ",
        "userDefined": false
      },
      {
        "text": "Rick Sanchez",
        "meta": "@Character",
        "alias": "character",
        "userDefined": true
      },
      {
        "text": "?",
        "userDefined": false
      }
    ],
    "isTemplate": false,
    "count": 0,
    "lang": "en",
    "updated": 0
  },
  {
    "id": "2bbe5955-849f-46a2-af47-34ed54c42d82",
    "data": [
      {
        "text": "Do you remember ",
        "userDefined": false
      },
      {
        "text": "Rick Sanchez",
        "meta": "@Character",
        "alias": "character",
        "userDefined": true
      },
      {
        "text": "?",
        "userDefined": false
      }
    ],
    "isTemplate": false,
    "count": 0,
    "lang": "en",
    "updated": 0
  },
  {
    "id": "1e950ad3-8057-40d5-9f4c-5ae4aa412c63",
    "data": [
      {
        "text": "Who is ",
        "userDefined": false
      },
      {
        "text": "Rick Sanchez",
        "meta": "@Character",
        "alias": "character",
        "userDefined": true
      },
      {
        "text": "?",
        "userDefined": false
      }
    ],
    "isTemplate": false,
    "count": 0,
    "lang": "en",
    "updated": 0
  }
]