[
  {
    "id": "ebea4b8d-3892-4136-ad06-9b5423535c2f",
    "data": [
      {
        "text": "Tell me something funny",
        "userDefined": false
      }
    ],
    "isTemplate": false,
    "count": 0,
    "lang": "en",
    "updated": 0
  },
  {
    "id": "2d21998b-23e3-43e2-a149-d3204171f632",
    "data": [
      {
        "text": "Quote",
        "userDefined": false
      }
    ],
    "isTemplate": false,
    "count": 0,
    "lang": "en",
    "updated": 0
  },
  {
    "id": "2752a6b4-2518-49a5-b018-9e79559b8b6c",
    "data": [
      {
        "text": "Tell me a joke",
        "userDefined": false
      }
    ],
    "isTemplate": false,
    "count": 0,
    "lang": "en",
    "updated": 0
  }
]